":START_ID(Concept)",":END_ID(Reference)",":TYPE","receipt"
"space_group","ref:wikipedia:Space group","DEFINED_IN","evi:ref:space_group:wikipedia"
"space_group","ref:iucr:Space group","DEFINED_IN","evi:ref:space_group:iucr"
"symmetry_operation","ref:wikipedia:Space group","DEFINED_IN","evi:ref:symmetry_operation:wikipedia"
"symmetry_operation","ref:iucr:Symmetry operation","DEFINED_IN","evi:ref:symmetry_operation:iucr"
"point_group","ref:wikipedia:Crystallographic point group","DEFINED_IN","evi:ref:point_group:wikipedia"
"point_group","ref:iucr:Point group","DEFINED_IN","evi:ref:point_group:iucr"
"laue_class","ref:wikipedia:Laue group","DEFINED_IN","evi:ref:laue_class:wikipedia"
"laue_class","ref:iucr:Laue class","DEFINED_IN","evi:ref:laue_class:iucr"
"holohedry","ref:wikipedia:Holohedry","DEFINED_IN","evi:ref:holohedry:wikipedia"
"holohedry","ref:iucr:Holohedry","DEFINED_IN","evi:ref:holohedry:iucr"
"centrosymmetry","ref:wikipedia:Centrosymmetry","DEFINED_IN","evi:ref:centrosymmetry:wikipedia"
"centrosymmetry","ref:iucr:Symmetry element","DEFINED_IN","evi:ref:centrosymmetry:iucr"
"inversion_centre","ref:wikipedia:Point reflection","DEFINED_IN","evi:ref:inversion_centre:wikipedia"
"group_closure","ref:wikipedia:Generating set of a group","DEFINED_IN","evi:ref:group_closure:wikipedia"
"generators_of_a_group","ref:wikipedia:Generating set of a group","DEFINED_IN","evi:ref:generators_of_a_group:wikipedia"
"hall_symbol","ref:wikipedia:Hall notation","DEFINED_IN","evi:ref:hall_symbol:wikipedia"
"hermann_mauguin_symbol","ref:wikipedia:Hermann–Mauguin notation","DEFINED_IN","evi:ref:hermann_mauguin_symbol:wikipedia"
"hermann_mauguin_symbol","ref:iucr:Hermann-Mauguin symbols","DEFINED_IN","evi:ref:hermann_mauguin_symbol:iucr"
"ita_setting","ref:wikipedia:Space group","DEFINED_IN","evi:ref:ita_setting:wikipedia"
"ita_setting","ref:iucr:Conventional cell","DEFINED_IN","evi:ref:ita_setting:iucr"
"change_of_basis","ref:wikipedia:Change of basis","DEFINED_IN","evi:ref:change_of_basis:wikipedia"
"change_of_basis","ref:iucr:Crystallographic basis","DEFINED_IN","evi:ref:change_of_basis:iucr"
"covariance_contravariance","ref:wikipedia:Covariance and contravariance of vectors","DEFINED_IN","evi:ref:covariance_contravariance:wikipedia"
"origin_shift","ref:wikipedia:Space group","DEFINED_IN","evi:ref:origin_shift:wikipedia"
"origin_shift","ref:iucr:Conventional cell","DEFINED_IN","evi:ref:origin_shift:iucr"
"conjugation","ref:wikipedia:Conjugacy class","DEFINED_IN","evi:ref:conjugation:wikipedia"
"conjugation","ref:iucr:Conjugacy class","DEFINED_IN","evi:ref:conjugation:iucr"
"lattice_centring","ref:wikipedia:Bravais lattice","DEFINED_IN","evi:ref:lattice_centring:wikipedia"
"lattice_centring","ref:iucr:Centred lattice","DEFINED_IN","evi:ref:lattice_centring:iucr"
"bravais_lattice","ref:wikipedia:Bravais lattice","DEFINED_IN","evi:ref:bravais_lattice:wikipedia"
"bravais_lattice","ref:iucr:Bravais lattice","DEFINED_IN","evi:ref:bravais_lattice:iucr"
"lattice","ref:wikipedia:Lattice (group)","DEFINED_IN","evi:ref:lattice:wikipedia"
"lattice","ref:iucr:Lattice","DEFINED_IN","evi:ref:lattice:iucr"
"integer_lattice","ref:wikipedia:Integer lattice","DEFINED_IN","evi:ref:integer_lattice:wikipedia"
"crystal_system","ref:wikipedia:Crystal system","DEFINED_IN","evi:ref:crystal_system:wikipedia"
"crystal_system","ref:iucr:Crystal system","DEFINED_IN","evi:ref:crystal_system:iucr"
"crystal_family","ref:wikipedia:Crystal system","DEFINED_IN","evi:ref:crystal_family:wikipedia"
"crystal_family","ref:iucr:Crystal family","DEFINED_IN","evi:ref:crystal_family:iucr"
"crystallographic_restriction","ref:wikipedia:Crystallographic restriction theorem","DEFINED_IN","evi:ref:crystallographic_restriction:wikipedia"
"symmetry_element","ref:wikipedia:Symmetry element","DEFINED_IN","evi:ref:symmetry_element:wikipedia"
"symmetry_element","ref:iucr:Symmetry element","DEFINED_IN","evi:ref:symmetry_element:iucr"
"screw_axis","ref:wikipedia:Screw axis","DEFINED_IN","evi:ref:screw_axis:wikipedia"
"glide_plane","ref:wikipedia:Glide plane","DEFINED_IN","evi:ref:glide_plane:wikipedia"
"rotoinversion","ref:wikipedia:Improper rotation","DEFINED_IN","evi:ref:rotoinversion:wikipedia"
"mirror_plane","ref:wikipedia:Reflection symmetry","DEFINED_IN","evi:ref:mirror_plane:wikipedia"
"intrinsic_translation","ref:wikipedia:Screw axis","DEFINED_IN","evi:ref:intrinsic_translation:wikipedia"
"fixed_point_locus","ref:wikipedia:Fixed point (mathematics)","DEFINED_IN","evi:ref:fixed_point_locus:wikipedia"
"fixed_subspace","ref:wikipedia:Eigenvalues and eigenvectors","DEFINED_IN","evi:ref:fixed_subspace:wikipedia"
"ita_diagrams","ref:wikipedia:International Tables for Crystallography","DEFINED_IN","evi:ref:ita_diagrams:wikipedia"
"wyckoff_position","ref:wikipedia:Wyckoff positions","DEFINED_IN","evi:ref:wyckoff_position:wikipedia"
"wyckoff_position","ref:iucr:Wyckoff position","DEFINED_IN","evi:ref:wyckoff_position:iucr"
"site_symmetry","ref:wikipedia:Site symmetry","DEFINED_IN","evi:ref:site_symmetry:wikipedia"
"site_symmetry","ref:iucr:Site symmetry","DEFINED_IN","evi:ref:site_symmetry:iucr"
"crystallographic_orbit","ref:wikipedia:Wyckoff positions","DEFINED_IN","evi:ref:crystallographic_orbit:wikipedia"
"crystallographic_orbit","ref:iucr:Crystallographic orbit","DEFINED_IN","evi:ref:crystallographic_orbit:iucr"
"general_position","ref:wikipedia:Wyckoff positions","DEFINED_IN","evi:ref:general_position:wikipedia"
"general_position","ref:iucr:Wyckoff position","DEFINED_IN","evi:ref:general_position:iucr"
"stabilizer","ref:wikipedia:Group action","DEFINED_IN","evi:ref:stabilizer:wikipedia"
"stabilizer","ref:iucr:Stabilizer","DEFINED_IN","evi:ref:stabilizer:iucr"
"orbit","ref:wikipedia:Group action","DEFINED_IN","evi:ref:orbit:wikipedia"
"orbit_stabilizer_theorem","ref:wikipedia:Group action","DEFINED_IN","evi:ref:orbit_stabilizer_theorem:wikipedia"
"group_action","ref:wikipedia:Group action","DEFINED_IN","evi:ref:group_action:wikipedia"
"miller_indices","ref:wikipedia:Miller index","DEFINED_IN","evi:ref:miller_indices:wikipedia"
"miller_indices","ref:iucr:Miller indices","DEFINED_IN","evi:ref:miller_indices:iucr"
"reciprocal_lattice","ref:wikipedia:Reciprocal lattice","DEFINED_IN","evi:ref:reciprocal_lattice:wikipedia"
"reciprocal_lattice","ref:iucr:Reciprocal lattice","DEFINED_IN","evi:ref:reciprocal_lattice:iucr"
"structure_factor_phase","ref:wikipedia:Structure factor","DEFINED_IN","evi:ref:structure_factor_phase:wikipedia"
"structure_factor_phase","ref:iucr:Structure factor","DEFINED_IN","evi:ref:structure_factor_phase:iucr"
"structure_factor","ref:wikipedia:Structure factor","DEFINED_IN","evi:ref:structure_factor:wikipedia"
"structure_factor","ref:iucr:Structure factor","DEFINED_IN","evi:ref:structure_factor:iucr"
"systematic_absences","ref:wikipedia:Systematic absence","DEFINED_IN","evi:ref:systematic_absences:wikipedia"
"systematic_absences","ref:iucr:Systematic absences","DEFINED_IN","evi:ref:systematic_absences:iucr"
"reflection_conditions","ref:wikipedia:Systematic absence","DEFINED_IN","evi:ref:reflection_conditions:wikipedia"
"reflection_conditions","ref:iucr:Reflection conditions","DEFINED_IN","evi:ref:reflection_conditions:iucr"
"integral_reflection_conditions","ref:wikipedia:Systematic absence","DEFINED_IN","evi:ref:integral_reflection_conditions:wikipedia"
"integral_reflection_conditions","ref:iucr:Integral reflection conditions","DEFINED_IN","evi:ref:integral_reflection_conditions:iucr"
"zonal_reflection_conditions","ref:wikipedia:Systematic absence","DEFINED_IN","evi:ref:zonal_reflection_conditions:wikipedia"
"zonal_reflection_conditions","ref:iucr:Zonal reflection conditions","DEFINED_IN","evi:ref:zonal_reflection_conditions:iucr"
"serial_reflection_conditions","ref:wikipedia:Systematic absence","DEFINED_IN","evi:ref:serial_reflection_conditions:wikipedia"
"serial_reflection_conditions","ref:iucr:Serial reflection conditions","DEFINED_IN","evi:ref:serial_reflection_conditions:iucr"
"reflection_stratum","ref:wikipedia:Zone axis","DEFINED_IN","evi:ref:reflection_stratum:wikipedia"
"reflection_stratum","ref:iucr:Zone","DEFINED_IN","evi:ref:reflection_stratum:iucr"
"augmented_translation_lattice","ref:wikipedia:Dual lattice","DEFINED_IN","evi:ref:augmented_translation_lattice:wikipedia"
"centric_reflection","ref:wikipedia:Structure factor","DEFINED_IN","evi:ref:centric_reflection:wikipedia"
"centric_reflection","ref:iucr:Centric and acentric distribution","DEFINED_IN","evi:ref:centric_reflection:iucr"
"friedel_law","ref:wikipedia:Friedel's law","DEFINED_IN","evi:ref:friedel_law:wikipedia"
"friedel_law","ref:iucr:Friedel's law","DEFINED_IN","evi:ref:friedel_law:iucr"
"equivalent_reflections","ref:wikipedia:Miller index","DEFINED_IN","evi:ref:equivalent_reflections:wikipedia"
"equivalent_reflections","ref:iucr:Laue indices","DEFINED_IN","evi:ref:equivalent_reflections:iucr"
"epsilon_factor","ref:wikipedia:Structure factor","DEFINED_IN","evi:ref:epsilon_factor:wikipedia"
"reciprocal_asu","ref:wikipedia:Fundamental domain","DEFINED_IN","evi:ref:reciprocal_asu:wikipedia"
"reciprocal_asu","ref:iucr:Asymmetric unit","DEFINED_IN","evi:ref:reciprocal_asu:iucr"
"allowed_origins","ref:wikipedia:Euclidean normalizer","DEFINED_IN","evi:ref:allowed_origins:wikipedia"
"allowed_origins","ref:iucr:Normalizer","DEFINED_IN","evi:ref:allowed_origins:iucr"
"floating_origin","ref:wikipedia:Polar point group","DEFINED_IN","evi:ref:floating_origin:wikipedia"
"euclidean_normalizer","ref:wikipedia:Euclidean normalizer","DEFINED_IN","evi:ref:euclidean_normalizer:wikipedia"
"euclidean_normalizer","ref:iucr:Normalizer","DEFINED_IN","evi:ref:euclidean_normalizer:iucr"
"normalizer","ref:wikipedia:Centralizer and normalizer","DEFINED_IN","evi:ref:normalizer:wikipedia"
"normalizer","ref:iucr:Normalizer","DEFINED_IN","evi:ref:normalizer:iucr"
"structure_seminvariant","ref:wikipedia:Direct methods (crystallography)","DEFINED_IN","evi:ref:structure_seminvariant:wikipedia"
"structure_seminvariant","ref:iucr:Direct methods","DEFINED_IN","evi:ref:structure_seminvariant:iucr"
"direct_methods","ref:wikipedia:Direct methods (crystallography)","DEFINED_IN","evi:ref:direct_methods:wikipedia"
"direct_methods","ref:iucr:Direct methods","DEFINED_IN","evi:ref:direct_methods:iucr"
"patterson_function","ref:wikipedia:Patterson function","DEFINED_IN","evi:ref:patterson_function:wikipedia"
"patterson_function","ref:iucr:Patterson vector","DEFINED_IN","evi:ref:patterson_function:iucr"
"harker_section","ref:wikipedia:Patterson function","DEFINED_IN","evi:ref:harker_section:wikipedia"
"harker_section","ref:iucr:Harker section","DEFINED_IN","evi:ref:harker_section:iucr"
"asymmetric_unit","ref:wikipedia:Fundamental domain","DEFINED_IN","evi:ref:asymmetric_unit:wikipedia"
"asymmetric_unit","ref:iucr:Asymmetric unit","DEFINED_IN","evi:ref:asymmetric_unit:iucr"
"dirichlet_domain","ref:wikipedia:Voronoi diagram","DEFINED_IN","evi:ref:dirichlet_domain:wikipedia"
"dirichlet_domain","ref:iucr:Voronoi domain","DEFINED_IN","evi:ref:dirichlet_domain:iucr"
"voronoi_cell","ref:wikipedia:Voronoi diagram","DEFINED_IN","evi:ref:voronoi_cell:wikipedia"
"voronoi_cell","ref:iucr:Wigner-Seitz cell","DEFINED_IN","evi:ref:voronoi_cell:iucr"
"half_space","ref:wikipedia:Half-space (geometry)","DEFINED_IN","evi:ref:half_space:wikipedia"
"monte_carlo","ref:wikipedia:Monte Carlo method","DEFINED_IN","evi:ref:monte_carlo:wikipedia"
"inertia_tensor","ref:wikipedia:Moment of inertia","DEFINED_IN","evi:ref:inertia_tensor:wikipedia"
"isoperimetric_quotient","ref:wikipedia:Isoperimetric inequality","DEFINED_IN","evi:ref:isoperimetric_quotient:wikipedia"
"subgroup","ref:wikipedia:Subgroup","DEFINED_IN","evi:ref:subgroup:wikipedia"
"subgroup","ref:iucr:Subgroup","DEFINED_IN","evi:ref:subgroup:iucr"
"t_subgroup","ref:wikipedia:Space group","DEFINED_IN","evi:ref:t_subgroup:wikipedia"
"t_subgroup","ref:iucr:Translationengleiche subgroup","DEFINED_IN","evi:ref:t_subgroup:iucr"
"k_subgroup","ref:wikipedia:Space group","DEFINED_IN","evi:ref:k_subgroup:wikipedia"
"k_subgroup","ref:iucr:Klassengleiche subgroups","DEFINED_IN","evi:ref:k_subgroup:iucr"
"index_of_subgroup","ref:wikipedia:Index of a subgroup","DEFINED_IN","evi:ref:index_of_subgroup:wikipedia"
"index_of_subgroup","ref:iucr:Coset","DEFINED_IN","evi:ref:index_of_subgroup:iucr"
"coset","ref:wikipedia:Coset","DEFINED_IN","evi:ref:coset:wikipedia"
"coset","ref:iucr:Coset","DEFINED_IN","evi:ref:coset:iucr"
"finite_field_gf2","ref:wikipedia:GF(2)","DEFINED_IN","evi:ref:finite_field_gf2:wikipedia"
"group_homomorphism","ref:wikipedia:Group homomorphism","DEFINED_IN","evi:ref:group_homomorphism:wikipedia"
"group_homomorphism","ref:iucr:Group homomorphism","DEFINED_IN","evi:ref:group_homomorphism:iucr"
"group_theory","ref:wikipedia:Group theory","DEFINED_IN","evi:ref:group_theory:wikipedia"
"group_theory","ref:iucr:Group","DEFINED_IN","evi:ref:group_theory:iucr"
"permutation_group_s4","ref:wikipedia:Symmetric group","DEFINED_IN","evi:ref:permutation_group_s4:wikipedia"
"unit_cell","ref:wikipedia:Unit cell","DEFINED_IN","evi:ref:unit_cell:wikipedia"
"unit_cell","ref:iucr:Unit cell","DEFINED_IN","evi:ref:unit_cell:iucr"
"metric_tensor","ref:wikipedia:Metric tensor","DEFINED_IN","evi:ref:metric_tensor:wikipedia"
"metric_tensor","ref:iucr:Metric tensor","DEFINED_IN","evi:ref:metric_tensor:iucr"
"gram_matrix","ref:wikipedia:Gram matrix","DEFINED_IN","evi:ref:gram_matrix:wikipedia"
"reciprocal_metric","ref:wikipedia:Reciprocal lattice","DEFINED_IN","evi:ref:reciprocal_metric:wikipedia"
"reciprocal_metric","ref:iucr:Reciprocal lattice","DEFINED_IN","evi:ref:reciprocal_metric:iucr"
"d_spacing","ref:wikipedia:Bragg's law","DEFINED_IN","evi:ref:d_spacing:wikipedia"
"d_spacing","ref:iucr:Interplanar spacing","DEFINED_IN","evi:ref:d_spacing:iucr"
"braggs_law","ref:wikipedia:Bragg's law","DEFINED_IN","evi:ref:braggs_law:wikipedia"
"braggs_law","ref:iucr:Bragg's law","DEFINED_IN","evi:ref:braggs_law:iucr"
"orthogonalization","ref:wikipedia:Fractional coordinates","DEFINED_IN","evi:ref:orthogonalization:wikipedia"
"cell_volume","ref:wikipedia:Unit cell","DEFINED_IN","evi:ref:cell_volume:wikipedia"
"cell_volume","ref:iucr:Unit cell","DEFINED_IN","evi:ref:cell_volume:iucr"
"metric_invariance","ref:wikipedia:Metric tensor","DEFINED_IN","evi:ref:metric_invariance:wikipedia"
"metric_invariance","ref:iucr:Metric specialization","DEFINED_IN","evi:ref:metric_invariance:iucr"
"neumanns_principle","ref:wikipedia:Neumann's principle","DEFINED_IN","evi:ref:neumanns_principle:wikipedia"
"neumanns_principle","ref:iucr:Neumann's principle","DEFINED_IN","evi:ref:neumanns_principle:iucr"
"reynolds_operator","ref:wikipedia:Reynolds operator","DEFINED_IN","evi:ref:reynolds_operator:wikipedia"
"projection_operator","ref:wikipedia:Projection (linear algebra)","DEFINED_IN","evi:ref:projection_operator:wikipedia"
"primitive_cell","ref:wikipedia:Primitive cell","DEFINED_IN","evi:ref:primitive_cell:wikipedia"
"primitive_cell","ref:iucr:Primitive cell","DEFINED_IN","evi:ref:primitive_cell:iucr"
"primitive_basis","ref:wikipedia:Primitive cell","DEFINED_IN","evi:ref:primitive_basis:wikipedia"
"primitive_basis","ref:iucr:Primitive basis","DEFINED_IN","evi:ref:primitive_basis:iucr"
"conventional_cell","ref:wikipedia:Unit cell","DEFINED_IN","evi:ref:conventional_cell:wikipedia"
"conventional_cell","ref:iucr:Conventional cell","DEFINED_IN","evi:ref:conventional_cell:iucr"
"reduced_cell","ref:wikipedia:Lattice reduction","DEFINED_IN","evi:ref:reduced_cell:wikipedia"
"reduced_cell","ref:iucr:Reduced cell","DEFINED_IN","evi:ref:reduced_cell:iucr"
"niggli_reduction","ref:wikipedia:Lattice reduction","DEFINED_IN","evi:ref:niggli_reduction:wikipedia"
"niggli_reduction","ref:iucr:Reduced cell","DEFINED_IN","evi:ref:niggli_reduction:iucr"
"delaunay_selling_reduction","ref:wikipedia:Lattice reduction","DEFINED_IN","evi:ref:delaunay_selling_reduction:wikipedia"
"delaunay_selling_reduction","ref:iucr:Reduced cell","DEFINED_IN","evi:ref:delaunay_selling_reduction:iucr"
"obtuse_superbase","ref:wikipedia:Lattice reduction","DEFINED_IN","evi:ref:obtuse_superbase:wikipedia"
"voronoi_type","ref:wikipedia:Plesiohedron","DEFINED_IN","evi:ref:voronoi_type:wikipedia"
"selling_closure","ref:wikipedia:Lattice reduction","DEFINED_IN","evi:ref:selling_closure:wikipedia"
"kurlin_root_form","ref:wikipedia:Lattice (group)","DEFINED_IN","evi:ref:kurlin_root_form:wikipedia"
"rearrangement_inequality","ref:wikipedia:Rearrangement inequality","DEFINED_IN","evi:ref:rearrangement_inequality:wikipedia"
"similarity_invariant","ref:wikipedia:Similarity (geometry)","DEFINED_IN","evi:ref:similarity_invariant:wikipedia"
"lattice_space","ref:wikipedia:Lattice (group)","DEFINED_IN","evi:ref:lattice_space:wikipedia"
"g6_s6_embedding","ref:wikipedia:Lattice reduction","DEFINED_IN","evi:ref:g6_s6_embedding:wikipedia"
"symmetry_deficiency","ref:wikipedia:Lattice (group)","DEFINED_IN","evi:ref:symmetry_deficiency:wikipedia"
"symmetry_deficiency","ref:iucr:Pseudo symmetry","DEFINED_IN","evi:ref:symmetry_deficiency:iucr"
"pseudosymmetry","ref:wikipedia:Pseudosymmetry","DEFINED_IN","evi:ref:pseudosymmetry:wikipedia"
"pseudosymmetry","ref:iucr:Pseudo symmetry","DEFINED_IN","evi:ref:pseudosymmetry:iucr"
"lattice_symmetry_determination","ref:wikipedia:Lattice (group)","DEFINED_IN","evi:ref:lattice_symmetry_determination:wikipedia"
"lattice_symmetry_determination","ref:iucr:Metric specialization","DEFINED_IN","evi:ref:lattice_symmetry_determination:iucr"
"cell_comparison","ref:wikipedia:Lattice (group)","DEFINED_IN","evi:ref:cell_comparison:wikipedia"
"cell_comparison","ref:iucr:Sublattice","DEFINED_IN","evi:ref:cell_comparison:iucr"
"sublattice","ref:wikipedia:Lattice (group)","DEFINED_IN","evi:ref:sublattice:wikipedia"
"sublattice","ref:iucr:Sublattice","DEFINED_IN","evi:ref:sublattice:iucr"
"saturated_sublattice","ref:wikipedia:Lattice (group)","DEFINED_IN","evi:ref:saturated_sublattice:wikipedia"
"dual_lattice","ref:wikipedia:Dual lattice","DEFINED_IN","evi:ref:dual_lattice:wikipedia"
"dual_lattice","ref:iucr:Dual basis","DEFINED_IN","evi:ref:dual_lattice:iucr"
"dual_basis","ref:wikipedia:Dual basis","DEFINED_IN","evi:ref:dual_basis:wikipedia"
"dual_basis","ref:iucr:Dual basis","DEFINED_IN","evi:ref:dual_basis:iucr"
"reindexing","ref:wikipedia:Twinning (crystallography)","DEFINED_IN","evi:ref:reindexing:wikipedia"
"reindexing","ref:iucr:Twin law","DEFINED_IN","evi:ref:reindexing:iucr"
"indexing_ambiguity","ref:wikipedia:Twinning (crystallography)","DEFINED_IN","evi:ref:indexing_ambiguity:wikipedia"
"twinning_merohedry","ref:wikipedia:Twinning (crystallography)","DEFINED_IN","evi:ref:twinning_merohedry:wikipedia"
"twinning_merohedry","ref:iucr:Twinning by merohedry","DEFINED_IN","evi:ref:twinning_merohedry:iucr"
"deformation_manifold","ref:wikipedia:Monodromy","DEFINED_IN","evi:ref:deformation_manifold:wikipedia"
"space_group_identification","ref:wikipedia:Space group","DEFINED_IN","evi:ref:space_group_identification:wikipedia"
"space_group_identification","ref:iucr:Space group","DEFINED_IN","evi:ref:space_group_identification:iucr"
"selling_settings","ref:wikipedia:Space group","DEFINED_IN","evi:ref:selling_settings:wikipedia"
"nearest_neighbour_search","ref:wikipedia:Nearest neighbor search","DEFINED_IN","evi:ref:nearest_neighbour_search:wikipedia"
"kd_tree","ref:wikipedia:K-d tree","DEFINED_IN","evi:ref:kd_tree:wikipedia"
"neartree","ref:wikipedia:Metric tree","DEFINED_IN","evi:ref:neartree:wikipedia"
"metric_space","ref:wikipedia:Metric space","DEFINED_IN","evi:ref:metric_space:wikipedia"
"euclidean_distance","ref:wikipedia:Euclidean distance","DEFINED_IN","evi:ref:euclidean_distance:wikipedia"
"knn_graph","ref:wikipedia:Nearest neighbor graph","DEFINED_IN","evi:ref:knn_graph:wikipedia"
"dijkstra","ref:wikipedia:Dijkstra's algorithm","DEFINED_IN","evi:ref:dijkstra:wikipedia"
"graph_laplacian","ref:wikipedia:Algebraic connectivity","DEFINED_IN","evi:ref:graph_laplacian:wikipedia"
"farthest_point_sampling","ref:wikipedia:Farthest-first traversal","DEFINED_IN","evi:ref:farthest_point_sampling:wikipedia"
"pearson_correlation","ref:wikipedia:Pearson correlation coefficient","DEFINED_IN","evi:ref:pearson_correlation:wikipedia"
"svd_pca","ref:wikipedia:Singular value decomposition","DEFINED_IN","evi:ref:svd_pca:wikipedia"
"convex_hull","ref:wikipedia:Convex hull","DEFINED_IN","evi:ref:convex_hull:wikipedia"
"floating_point_tolerance","ref:wikipedia:Machine epsilon","DEFINED_IN","evi:ref:floating_point_tolerance:wikipedia"
"torus_distance","ref:wikipedia:Torus","DEFINED_IN","evi:ref:torus_distance:wikipedia"
"exact_rational_arithmetic","ref:wikipedia:Rational number","DEFINED_IN","evi:ref:exact_rational_arithmetic:wikipedia"
"determinant","ref:wikipedia:Determinant","DEFINED_IN","evi:ref:determinant:wikipedia"
"matrix_inverse","ref:wikipedia:Invertible matrix","DEFINED_IN","evi:ref:matrix_inverse:wikipedia"
"gaussian_elimination","ref:wikipedia:Gaussian elimination","DEFINED_IN","evi:ref:gaussian_elimination:wikipedia"
"rational_linear_solve","ref:wikipedia:System of linear equations","DEFINED_IN","evi:ref:rational_linear_solve:wikipedia"
"kernel_nullspace","ref:wikipedia:Kernel (linear algebra)","DEFINED_IN","evi:ref:kernel_nullspace:wikipedia"
"left_nullspace","ref:wikipedia:Kernel (linear algebra)","DEFINED_IN","evi:ref:left_nullspace:wikipedia"
"matrix_rank","ref:wikipedia:Rank (linear algebra)","DEFINED_IN","evi:ref:matrix_rank:wikipedia"
"affine_subspace","ref:wikipedia:Affine space","DEFINED_IN","evi:ref:affine_subspace:wikipedia"
"affine_transformation","ref:wikipedia:Affine transformation","DEFINED_IN","evi:ref:affine_transformation:wikipedia"
"affine_transformation","ref:iucr:Affine mapping","DEFINED_IN","evi:ref:affine_transformation:iucr"
"eigenvalue_symmetric","ref:wikipedia:Eigenvalues and eigenvectors","DEFINED_IN","evi:ref:eigenvalue_symmetric:wikipedia"
"eigenvector","ref:wikipedia:Eigenvalues and eigenvectors","DEFINED_IN","evi:ref:eigenvector:wikipedia"
"unimodular_matrix","ref:wikipedia:Unimodular matrix","DEFINED_IN","evi:ref:unimodular_matrix:wikipedia"
"hermite_normal_form","ref:wikipedia:Hermite normal form","DEFINED_IN","evi:ref:hermite_normal_form:wikipedia"
"smith_normal_form","ref:wikipedia:Smith normal form","DEFINED_IN","evi:ref:smith_normal_form:wikipedia"
"finitely_generated_abelian_group","ref:wikipedia:Finitely generated abelian group","DEFINED_IN","evi:ref:finitely_generated_abelian_group:wikipedia"
"linear_congruence","ref:wikipedia:Modular arithmetic","DEFINED_IN","evi:ref:linear_congruence:wikipedia"
"modular_arithmetic","ref:wikipedia:Modular arithmetic","DEFINED_IN","evi:ref:modular_arithmetic:wikipedia"
"gcd_lcm","ref:wikipedia:Greatest common divisor","DEFINED_IN","evi:ref:gcd_lcm:wikipedia"
"matrix_order","ref:wikipedia:Order (group theory)","DEFINED_IN","evi:ref:matrix_order:wikipedia"
"matrix_order","ref:iucr:Order (group theory)","DEFINED_IN","evi:ref:matrix_order:iucr"
