"id:ID(Reference)","source","title","page_title","url","status","quote","prefix","suffix","truncated:boolean","note","fetched",":LABEL"
"ref:iucr:Space group","iucr","Space group","Space group","https://dictionary.iucr.org/Space_group","quoted","The symmetry group of a three-dimensional crystal pattern is called its space group.","","In E2, the symmetry group of a","false","","2026-09-30","Reference;IUCr"
"ref:wikipedia:Space group","wikipedia","Space group","Space group","https://en.wikipedia.org/wiki/Space_group","quoted","In mathematics, physics and chemistry, a space group is the symmetry group of a repeating pattern in space, usually in three dimensions.","","The elements of a space group (its","false","","2026-09-30","Reference;Wikipedia"
"ref:iucr:Symmetry operation","iucr","Symmetry operation","Symmetry operation","https://dictionary.iucr.org/Symmetry_operation","quoted","A symmetry operation is an isometry, i.e. a transformation under which two objects, or two configurations or an object, are brought to coincide.","","A symmetry operation is a Euclidean mapping: to each point","false","","2026-09-30","Reference;IUCr"
"ref:iucr:Point group","iucr","Point group","Point group","https://dictionary.iucr.org/Point_group","quoted","A point group is a group of symmetry operations all of which leave at least one point unmoved.","","A crystallographic point group is a","false","","2026-09-30","Reference;IUCr"
"ref:wikipedia:Crystallographic point group","wikipedia","Crystallographic point group","Crystallographic point group","https://en.wikipedia.org/wiki/Crystallographic_point_group","quoted","In crystallography, a crystallographic point group is a point group whose symmetry operations are compatible with the translational symmetry of crystallographic lattices.","","According to the crystallographic restriction theorem, point groups may only","false","","2026-09-30","Reference;Wikipedia"
"ref:iucr:Laue class","iucr","Laue class","Laue class","https://dictionary.iucr.org/Laue_class","quoted","The Laue classes are eleven geometric crystal classes containing centrosymmetric crystallographic types of point groups and their subgroups.","","When absorption is negligible and Friedel's law applies, it is impossible","false","","2026-09-30","Reference;IUCr"
"ref:wikipedia:Laue group","wikipedia","Laue group","","https://en.wikipedia.org/wiki/Laue_group","unreachable","","","","false","WebFetch unavailable: domain cache-only and page not cached (tried twice); existence not determined","2026-09-30","Reference;Wikipedia"
"ref:iucr:Holohedry","iucr","Holohedry","Holohedry","https://dictionary.iucr.org/Holohedry","quoted","The point group of a crystal is called holohedral if it is identical to the point group of its lattice.","","The corresponding geometric crystal class","false","","2026-09-30","Reference;IUCr"
"ref:wikipedia:Holohedry","wikipedia","Holohedry","","https://en.wikipedia.org/wiki/Holohedry","unreachable","","","","false","WebFetch: domain is cache-only and page not cached; existence unknown","2026-09-30","Reference;Wikipedia"
"ref:iucr:Symmetry element","iucr","Symmetry element","Symmetry element","https://dictionary.iucr.org/Symmetry_element","quoted","A symmetry element (of a given crystal structure or object) is defined as a concept with a double meaning, namely the combination of a geometric element with the set of symmetry operations having this geometric element in common","","(termed its element set). Together with the identity","true","","2026-09-30","Reference;IUCr"
"ref:wikipedia:Centrosymmetry","wikipedia","Centrosymmetry","Centrosymmetry","https://en.wikipedia.org/wiki/Centrosymmetry","quoted","In crystallography, a centrosymmetric point group contains an inversion center as one of its symmetry elements.","","In such a point group, for every point","false","","2026-09-30","Reference;Wikipedia"
"ref:wikipedia:Point reflection","wikipedia","Point reflection","Point reflection","https://en.wikipedia.org/wiki/Point_reflection","quoted","In geometry, a point reflection (also called a point inversion or central inversion) is a geometric transformation of affine space in which every point is reflected across a designated inversion center, which remains fixed.","","In Euclidean or pseudo-Euclidean spaces, a point","false","","2026-09-30","Reference;Wikipedia"
"ref:wikipedia:Generating set of a group","wikipedia","Generating set of a group","Generating set of a group","https://en.wikipedia.org/wiki/Generating_set_of_a_group","quoted","In abstract algebra, a generating set of a group is a subset of the group set such that every element of the group can be expressed as a combination (under the group operation) of finitely many elements of the subset and their inverses.","","In other words, if S is a subset of a group","false","","2026-09-30","Reference;Wikipedia"
"ref:wikipedia:Hall notation","wikipedia","Hall notation","","https://en.wikipedia.org/wiki/Hall_notation","unreachable","","","","false","WebFetch error: en.wikipedia.org is cache-only in this environment and this page is not cached; direct curl blocked by proxy (403). Page existence not verified.","2026-09-30","Reference;Wikipedia"
"ref:iucr:Hermann-Mauguin symbols","iucr","Hermann-Mauguin symbols","Hermann-Mauguin symbols","https://dictionary.iucr.org/Hermann-Mauguin_symbols","quoted","Hermann-Mauguin symbols, also known as international symbols, are oriented symbols giving the symmetry operations or symmetry elements of a point or space group.","","Three types of Hermann-Mauguin symbol are used: short, full","false","","2026-09-30","Reference;IUCr"
"ref:wikipedia:Hermann–Mauguin notation","wikipedia","Hermann–Mauguin notation","Hermann–Mauguin notation","https://en.wikipedia.org/wiki/Hermann–Mauguin_notation","quoted","In geometry, Hermann–Mauguin notation is used to represent the symmetry elements in point groups, plane groups and space groups.","","It is named after the German","false","","2026-09-30","Reference;Wikipedia"
"ref:iucr:Conventional cell","iucr","Conventional cell","Conventional cell","https://dictionary.iucr.org/Conventional_cell","quoted","For each lattice, the conventional cell is the cell obeying the following conditions:","","its basis vectors define a right-handed","false","definition continues as a bulleted list of conditions","2026-09-30","Reference;IUCr"
"ref:iucr:Crystallographic basis","iucr","Crystallographic basis","Crystallographic basis","https://dictionary.iucr.org/Crystallographic_basis","quoted-unverified-markup","A basis of n vectors e1, e2, ... , en of the vector space Vn is a crystallographic basis of the vector lattice L if every integral linear combination t = u1e1 + u2e2 + ... + un en is a lattice vector of L.","","It may or may not be a primitive basis.","false","unverified: subscripts/bold math markup flattened to plain text","2026-09-30","Reference;IUCr"
"ref:wikipedia:Change of basis","wikipedia","Change of basis","Change of basis","https://en.wikipedia.org/wiki/Change_of_basis","quoted","In mathematics, an ordered basis of a vector space of finite dimension n allows representing uniquely any element of the vector space by a coordinate vector, which is a finite sequence of n scalars called coordinates.","","If two different bases are considered, the","false","reported prefix 'This article deals mainly with' is a hatnote, normalized to empty","2026-09-30","Reference;Wikipedia"
"ref:wikipedia:Covariance and contravariance of vectors","wikipedia","Covariance and contravariance of vectors","Covariance and contravariance of vectors","https://en.wikipedia.org/wiki/Covariance_and_contravariance_of_vectors","quoted","In physics, especially in multilinear algebra and tensor analysis, covariance and contravariance describe how the quantitative description of certain geometric or physical entities changes with a change of basis.","","Briefly, a contravariant vector is a list","false","","2026-09-30","Reference;Wikipedia"
"ref:iucr:Conjugacy class","iucr","Conjugacy class","Conjugacy class","https://dictionary.iucr.org/Conjugacy_class","quoted-unverified-markup","If g1 and g2 are two elements of a group G, they are called conjugate if there exists an element g3 in G such that: g3g1g3−1 = g2.","","Conjugacy is an equivalence relation and therefore partitions","false","unverified: subscripts/superscripts (g_1, g_2, g_3, g_3^-1) flattened by markup stripping","2026-09-30","Reference;IUCr"
"ref:wikipedia:Conjugacy class","wikipedia","Conjugacy class","Conjugacy class","https://en.wikipedia.org/wiki/Conjugacy_class","quoted-unverified-markup","In mathematics, especially group theory, two elements a and b of a group are conjugate if there is an element g in the group such that b = gag^-1.","","This is an equivalence relation whose","false","unverified: inline math (a, b, g, b = gag^{-1}) was stripped by the fetcher and restored from memory","2026-09-30","Reference;Wikipedia"
"ref:iucr:Centred lattice","iucr","Centred lattice","Centred lattice","https://dictionary.iucr.org/Centred_lattice","quoted","When the unit cell does not reflect the symmetry of the lattice, it is usual in crystallography to refer to a 'conventional', non-primitive, crystallographic basis","","instead of a primitive basis, a, b, c.","true","","2026-09-30","Reference;IUCr"
"ref:wikipedia:Bravais lattice","wikipedia","Bravais lattice","Bravais lattice","https://en.wikipedia.org/wiki/Bravais_lattice","quoted","In geometry and crystallography, a Bravais lattice, named after Auguste Bravais (1850), is an infinite array of discrete points generated by a set of discrete translation operations described in three dimensional space by","","where the ni are any integers, and ai","true","sentence continues with a displayed formula","2026-09-30","Reference;Wikipedia"
"ref:iucr:Bravais lattice","iucr","Bravais lattice","Bravais lattice","https://dictionary.iucr.org/Bravais_lattice","quoted","All vector lattices whose matrix groups belong to the same Bravais arithmetic class correspond to the same Bravais type of lattice.","","See also Bravais arithmetic class","false","","2026-09-30","Reference;IUCr"
"ref:iucr:Lattice","iucr","Lattice","Lattice","https://dictionary.iucr.org/Lattice","quoted-unverified-markup","A lattice in the vector space Vn is the set of all integral linear combinations t = u1a1 + u2a2 + ... + ukak of a system (a1, a2, ... , ak) of linearly independent vectors in Vn.","","If k = n, i.e. if the linearly","false","unverified: sub/superscripts flattened","2026-09-30","Reference;IUCr"
"ref:wikipedia:Lattice (group)","wikipedia","Lattice (group)","Lattice (group)","https://en.wikipedia.org/wiki/Lattice_(group)","quoted-unverified-markup","In geometry and group theory, a lattice in the real coordinate space R^n is an infinite set of lattice points having the following properties","","Coordinate-wise addition or subtraction of two","true","unverified: inline math (R^n) stripped by fetcher and restored from memory; sentence continues with a list","2026-09-30","Reference;Wikipedia"
"ref:wikipedia:Integer lattice","wikipedia","Integer lattice","Integer lattice","https://en.wikipedia.org/wiki/Integer_lattice","quoted-unverified-markup","In mathematics, the n-dimensional integer lattice, denoted , is the lattice in the Euclidean space whose lattice points are n-tuples of integers.","","The two-dimensional integer lattice is also","false","unverified: math markup (Z^n, R^n) stripped; prefix on page is a maintenance banner, normalized to empty","2026-09-30","Reference;Wikipedia"
"ref:iucr:Crystal system","iucr","Crystal system","Crystal system","https://dictionary.iucr.org/Crystal_system","quoted","A crystal-class system, or crystal system for short, contains complete geometric crystal classes of space groups.","","All those geometric crystal classes belong","false","","2026-09-30","Reference;IUCr"
"ref:wikipedia:Crystal system","wikipedia","Crystal system","Crystal system","https://en.wikipedia.org/wiki/Crystal_system","quoted","In crystallography, a crystal system is a set of point groups (a group of geometric symmetries with at least one fixed point).","","A lattice system is a set of Bravais lattices","false","","2026-09-30","Reference;Wikipedia"
"ref:iucr:Crystal family","iucr","Crystal family","Crystal family","https://dictionary.iucr.org/Crystal_family","quoted","A crystal family is the smallest set of space groups containing, for any of its members, all space groups of the Bravais class and all space groups of the geometric crystal class to which this member belongs.","","Features Two crystals belong to the same","false","","2026-09-30","Reference;IUCr"
"ref:wikipedia:Crystallographic restriction theorem","wikipedia","Crystallographic restriction theorem","Crystallographic restriction theorem","https://en.wikipedia.org/wiki/Crystallographic_restriction_theorem","quoted","The crystallographic restriction theorem characterizes the possible orders of rotational symmetry in a lattice.","","In 2 or 3 dimensions, the","false","lead sentence may begin with 'The crystallographic restriction theorem in its basic form...'; check against page","2026-09-30","Reference;Wikipedia"
"ref:wikipedia:Symmetry element","wikipedia","Symmetry element","Symmetry element","https://en.wikipedia.org/wiki/Symmetry_element","quoted","In chemistry and crystallography, a symmetry element is a point, line, or plane about which symmetry operations can take place.","","In particular, a symmetry element can be a","false","","2026-09-30","Reference;Wikipedia"
"ref:wikipedia:Screw axis","wikipedia","Screw axis","Screw axis","https://en.wikipedia.org/wiki/Screw_axis","quoted","A screw axis (helical axis or twist axis) is a line that is simultaneously the axis of rotation and the line along which translation of a body occurs.","","Chasles' theorem shows that each Euclidean displacement","false","","2026-09-30","Reference;Wikipedia"
"ref:wikipedia:Glide plane","wikipedia","Glide plane","Glide reflection","https://en.wikipedia.org/wiki/Glide_reflection","quoted","In geometry, a glide reflection or transflection is a geometric transformation that consists of a reflection across a hyperplane and a translation (""glide"") in a direction parallel to that hyperplane, combined into a single transformation.","","Because the distances between points are not","false","redirects to Glide reflection","2026-09-30","Reference;Wikipedia"
"ref:wikipedia:Improper rotation","wikipedia","Improper rotation","Improper rotation","https://en.wikipedia.org/wiki/Improper_rotation","quoted","In geometry, an improper rotation (also called rotation-reflection, rotoreflection, rotary reflection, or rotoinversion) is an isometry in Euclidean space that is a combination of a rotation about an axis and a reflection in a plane perpendicular to that axis.","","Reflection and inversion are each a","false","","2026-09-30","Reference;Wikipedia"
"ref:wikipedia:Reflection symmetry","wikipedia","Reflection symmetry","Reflection symmetry","https://en.wikipedia.org/wiki/Reflection_symmetry","quoted","In mathematics, reflection symmetry, line symmetry, mirror symmetry, or mirror-image symmetry is symmetry with respect to a reflection.","","That is, a figure which","false","","2026-09-30","Reference;Wikipedia"
"ref:wikipedia:Fixed point (mathematics)","wikipedia","Fixed point (mathematics)","Fixed point (mathematics)","https://en.wikipedia.org/wiki/Fixed_point_(mathematics)","quoted","In mathematics, a fixed point (sometimes shortened to fixpoint), also known as an invariant point, is a value that does not change under a given transformation.","","Specifically, for functions, a fixed","false","","2026-09-30","Reference;Wikipedia"
"ref:wikipedia:Eigenvalues and eigenvectors","wikipedia","Eigenvalues and eigenvectors","Eigenvalues and eigenvectors","https://en.wikipedia.org/wiki/Eigenvalues_and_eigenvectors","quoted","In linear algebra, an eigenvector or characteristic vector is a (nonzero) vector that has its direction unchanged (or reversed) by a given linear transformation.","","More precisely, an eigenvector of a","false","","2026-09-30","Reference;Wikipedia"
"ref:wikipedia:International Tables for Crystallography","wikipedia","International Tables for Crystallography","International Union of Crystallography","https://en.wikipedia.org/wiki/International_Union_of_Crystallography","quoted","The International Union of Crystallography (IUCr) is an organisation devoted to the international promotion and coordination of the science of crystallography.","","The IUCr is a member of the","false","Wikipedia redirects this title to the IUCr article; quote is the IUCr lead sentence, not a definition of International Tables","2026-09-30","Reference;Wikipedia"
"ref:iucr:Wyckoff position","iucr","Wyckoff position","Wyckoff position","https://dictionary.iucr.org/Wyckoff_position","quoted","A Wyckoff position of a space group G consists of all points X for which the site-symmetry groups are conjugate subgroups of G.","","Each Wyckoff positon of a space","false","","2026-09-30","Reference;IUCr"
"ref:wikipedia:Wyckoff positions","wikipedia","Wyckoff positions","Wyckoff positions","https://en.wikipedia.org/wiki/Wyckoff_positions","quoted","In crystallography, a Wyckoff position is any point in a set of points whose site symmetry groups are all conjugate subgroups of one another.","","Crystallography tables give the Wyckoff positions for different","false","","2026-09-30","Reference;Wikipedia"
"ref:iucr:Site symmetry","iucr","Site symmetry","Site symmetry","https://dictionary.iucr.org/Site_symmetry","quoted","The site-symmetry group (often called point symmetry) of a point is the finite group formed by the set of all symmetry operations of the space group of the crystal that leave that point invariant.","","It is isomorphic to a (proper or improper)","false","","2026-09-30","Reference;IUCr"
"ref:wikipedia:Site symmetry","wikipedia","Site symmetry","","https://en.wikipedia.org/wiki/Site_symmetry","unreachable","","","","false","WebFetch: domain is cache-only and page not cached; existence unknown","2026-09-30","Reference;Wikipedia"
"ref:iucr:Crystallographic orbit","iucr","Crystallographic orbit","Crystallographic orbit","https://dictionary.iucr.org/Crystallographic_orbit","quoted","From any point of the three-dimensional Euclidean space the symmetry operations of a given space group G generate an infinite set of points, called a crystallographic orbit.","","The space group G is called","false","","2026-09-30","Reference;IUCr"
"ref:iucr:Stabilizer","iucr","Stabilizer","Stabilizer","https://dictionary.iucr.org/Stabilizer","quoted-unverified-markup","Let G be a group which acts on a set A by a composition law *, and let a be a given element of A.","","Then the set G_a = {g ∈ G | a*g = a} is called the stabilizer of A.","false","unverified: math flattened","2026-09-30","Reference;IUCr"
"ref:wikipedia:Group action","wikipedia","Group action","Group action","https://en.wikipedia.org/wiki/Group_action","quoted-unverified-markup","In mathematics, an action of a group G on a set S is, loosely speaking, an operation that takes an element of G and an element of S and produces another element of S.","","More formally, it is a group homomorphism","false","unverified: inline math symbols (G, S) were stripped by the fetcher and restored from memory","2026-09-30","Reference;Wikipedia"
"ref:iucr:Miller indices","iucr","Miller indices","Miller indices","https://dictionary.iucr.org/Miller_indices","quoted-unverified-markup","The law of rational indices states that the intercepts, OP, OQ, OR, of the natural faces of a crystal form with the basis vectors OA = a, OB = b, and OC = c are inversely proportional to prime integers, h, k, l, called Miller indices of the face.","","This definition can be extended to any reticular","false","unverified: sentence is under the 'Direct space' subheading of Definition; vector bold markup may have been stripped","2026-09-30","Reference;IUCr"
"ref:wikipedia:Miller index","wikipedia","Miller index","Miller index","https://en.wikipedia.org/wiki/Miller_index","quoted","Miller indices form a notation system in crystallography for lattice planes in crystal (Bravais) lattices.","","In particular, a family of lattice","false","","2026-09-30","Reference;Wikipedia"
"ref:iucr:Reciprocal lattice","iucr","Reciprocal lattice","Reciprocal lattice","https://dictionary.iucr.org/Reciprocal_lattice","quoted-unverified-markup","The reciprocal lattice is constituted of the set of all possible linear combinations of the basis vectors a*, b*, c* of the reciprocal space.","","A point (node), H, of the reciprocal lattice is defined","false","unverified: bold/italic markup for a*, b*, c* stripped","2026-09-30","Reference;IUCr"
"ref:wikipedia:Reciprocal lattice","wikipedia","Reciprocal lattice","Reciprocal lattice","https://en.wikipedia.org/wiki/Reciprocal_lattice","quoted","Reciprocal lattice is a concept associated with solids with translational symmetry which plays a major role in many areas such as X-ray and electron diffraction as well as the energies of electrons in a solid.","","It emerges from the Fourier transform","false","","2026-09-30","Reference;Wikipedia"
"ref:iucr:Structure factor","iucr","Structure factor","Structure factor","https://dictionary.iucr.org/Structure_factor","quoted-unverified-markup","The structure factor Fhkl is a mathematical function describing the amplitude and phase of a wave diffracted from crystal lattice planes characterised by Miller indices h, k, l.","","The structure factor may be expressed as","false","unverified: subscript in F_hkl flattened in extraction","2026-09-30","Reference;IUCr"
"ref:wikipedia:Structure factor","wikipedia","Structure factor","Structure factor","https://en.wikipedia.org/wiki/Structure_factor","quoted","In condensed matter physics and crystallography, the static structure factor (or structure factor for short) is a mathematical description of how a material scatters incident radiation.","","The structure factor is a critical tool","false","","2026-09-30","Reference;Wikipedia"
"ref:iucr:Systematic absences","iucr","Systematic absences","Systematic absences","https://dictionary.iucr.org/Systematic_absences","quoted","One speaks of systematic absences or extinctions when the structure factor is zero, due either to the centring of the lattice or to the presence of glide or screw symmetry elements.","","Conversely, the conditions for a reflection to","false","italic markup stripped","2026-09-30","Reference;IUCr"
"ref:wikipedia:Systematic absence","wikipedia","Systematic absence","Structure factor","https://en.wikipedia.org/wiki/Structure_factor","quoted","In condensed matter physics and crystallography, the static structure factor (or structure factor for short) is a mathematical description of how a material scatters incident radiation.","","The structure factor is a critical tool in the interpretation of scattering patterns","false","Wikipedia redirects this title to Structure factor (section on systematic absences); quote is the Structure factor lead, not a definition of systematic absence","2026-09-30","Reference;Wikipedia"
"ref:iucr:Reflection conditions","iucr","Reflection conditions","Reflection conditions","https://dictionary.iucr.org/Reflection_conditions","quoted","The reflection conditions describe the conditions of occurrence of a reflection (structure factor not systematically zero).","","There are two types of systematic","false","","2026-09-30","Reference;IUCr"
"ref:iucr:Integral reflection conditions","iucr","Integral reflection conditions","Integral reflection conditions","https://dictionary.iucr.org/Integral_reflection_conditions","quoted","The integral reflections are the general reflection conditions appearing when a multiple (non-primitive) cell is used to describe the Bravais lattice of a crystal.","","They are given in the table below:","false","","2026-09-30","Reference;IUCr"
"ref:iucr:Zonal reflection conditions","iucr","Zonal reflection conditions","Zonal reflection conditions","https://dictionary.iucr.org/Zonal_reflection_conditions","quoted","The zonal reflection conditions are the general reflection conditions due to the presence of glide planes.","","The resulting conditions apply only to","false","","2026-09-30","Reference;IUCr"
"ref:iucr:Serial reflection conditions","iucr","Serial reflection conditions","Serial reflection conditions","https://dictionary.iucr.org/Serial_reflection_conditions","quoted","The serial reflection conditions are the general reflection conditions due to the presence of screw axes.","","The resulting conditions apply only to","false","","2026-09-30","Reference;IUCr"
"ref:iucr:Zone","iucr","Zone","Zone","https://dictionary.iucr.org/Zone","quoted","A zone is a set of crystal faces whose pairwise intersection line is parallel to a given lattice direction, called the zone axis.","","See also Miller indices","false","","2026-09-30","Reference;IUCr"
"ref:wikipedia:Zone axis","wikipedia","Zone axis","Zone axis","https://en.wikipedia.org/wiki/Zone_axis","quoted","Zone axis, a term sometimes used to refer to ""high-symmetry"" orientations in a crystal, most generally refers to any direction referenced to the direct lattice of a crystal in three dimensions.","","It is therefore indexed with direct","false","","2026-09-30","Reference;Wikipedia"
"ref:wikipedia:Dual lattice","wikipedia","Dual lattice","Dual lattice","https://en.wikipedia.org/wiki/Dual_lattice","quoted","In the theory of lattices, the dual lattice is a construction analogous to that of a dual vector space.","","In certain respects, the geometry of the dual","false","","2026-09-30","Reference;Wikipedia"
"ref:iucr:Centric and acentric distribution","iucr","Centric and acentric distribution","Centric and acentric distribution","https://dictionary.iucr.org/Centric_and_acentric_distribution","quoted","Centric or acentric distribution usually refer to the X-ray diffracted intensity distribution.","","It is in general possible to distinguish","false","","2026-09-30","Reference;IUCr"
"ref:iucr:Friedel's law","iucr","Friedel's law","Friedel's law","https://dictionary.iucr.org/Friedel's_law","quoted-unverified-markup","Friedel's law, or rule, states that the intensities of the h, k, l and reflections are equal.","","This is true either if the crystal is centrosymmetric or if no","false","unverified: the -h,-k,-l (overbar) image/markup was stripped between 'and' and 'reflections'","2026-09-30","Reference;IUCr"
"ref:wikipedia:Friedel's law","wikipedia","Friedel's law","Friedel's law","https://en.wikipedia.org/wiki/Friedel's_law","quoted","Friedel's law, named after Georges Friedel, is a property of Fourier transforms of real functions.","","Given a real function, its Fourier transform","false","","2026-09-30","Reference;Wikipedia"
"ref:iucr:Laue indices","iucr","Laue indices","Laue indices","https://dictionary.iucr.org/Laue_indices","quoted","The hkl indices of the Bragg reflection from the set of parallel equidistant net planes (hkl) are called Laue indices.","","See also Page xx of","false","","2026-09-30","Reference;IUCr"
"ref:iucr:Asymmetric unit","iucr","Asymmetric unit","Asymmetric unit","https://dictionary.iucr.org/Asymmetric_unit","quoted","An asymmetric unit of a space group is a simply connected smallest closed part of space from which, by application of all symmetry operations of the space group, the whole space is filled.","","This implies that mirror planes must","false","","2026-09-30","Reference;IUCr"
"ref:wikipedia:Fundamental domain","wikipedia","Fundamental domain","Fundamental domain","https://en.wikipedia.org/wiki/Fundamental_domain","quoted","A fundamental domain or fundamental region is a subset of the space which contains exactly one point from each of these orbits.","form an orbit of the action.","It serves as a geometric","false","second sentence of the lead; the first sentence sets up the group action","2026-09-30","Reference;Wikipedia"
"ref:iucr:Normalizer","iucr","Normalizer","Normalizer","https://dictionary.iucr.org/Normalizer","quoted-unverified-markup","Given a group G and one of its supergroups S, they are uniquely related to a third, intermediated group N_S(G), called the normalizer of G with respect to S.","","N_S(G) is defined as the set","false","unverified: subscript math markup (N_S(G)) rendered as plain text","2026-09-30","Reference;IUCr"
"ref:wikipedia:Euclidean normalizer","wikipedia","Euclidean normalizer","","https://en.wikipedia.org/wiki/Euclidean_normalizer","unreachable","","","","false","WebFetch: domain is cache-only and page not cached; existence unknown","2026-09-30","Reference;Wikipedia"
"ref:wikipedia:Polar point group","wikipedia","Polar point group","Polar point group","https://en.wikipedia.org/wiki/Polar_point_group","quoted","In geometry, a polar point group is a point group in which there is more than one point that every symmetry operation leaves unmoved.","","The unmoved points will constitute a","false","","2026-09-30","Reference;Wikipedia"
"ref:wikipedia:Centralizer and normalizer","wikipedia","Centralizer and normalizer","Centralizer and normalizer","https://en.wikipedia.org/wiki/Centralizer_and_normalizer","quoted-unverified-markup","In mathematics, especially group theory, the centralizer (also called commutant) of a subset S in a group G is the set of elements of G that commute with every element of S","","or equivalently, the set of elements such that","true","unverified: sentence continues with inline math (gs = sg) that may have been stripped","2026-09-30","Reference;Wikipedia"
"ref:iucr:Direct methods","iucr","Direct methods","Direct methods","https://dictionary.iucr.org/Direct_methods","quoted","A family of methods for estimating the phases of the Fourier transform of the scattering density from the corresponding magnitudes in crystal structure determination.","","The phases of scattered diffraction beams cannot","false","","2026-09-30","Reference;IUCr"
"ref:wikipedia:Direct methods (crystallography)","wikipedia","Direct methods (crystallography)","Direct methods (crystallography)","https://en.wikipedia.org/wiki/Direct_methods_(crystallography)","quoted","In crystallography, direct methods are a family of methods for estimating the phases of the Fourier transform of the scattering density from the corresponding magnitudes.","","The methods generally exploit constraints","false","","2026-09-30","Reference;Wikipedia"
"ref:iucr:Patterson vector","iucr","Patterson vector","Patterson vector","https://dictionary.iucr.org/Patterson_vector","quoted","A real-space vector representing the difference between two position vectors locating scattering centres in a diffracting crystal lattice.","","See also Patterson methods Vector space","false","","2026-09-30","Reference;IUCr"
"ref:wikipedia:Patterson function","wikipedia","Patterson function","Patterson function","https://en.wikipedia.org/wiki/Patterson_function","quoted","The Patterson function is used to solve the phase problem in X-ray crystallography.","","It was introduced in 1935 by","false","","2026-09-30","Reference;Wikipedia"
"ref:iucr:Harker section","iucr","Harker section","Harker section","https://dictionary.iucr.org/Harker_section","quoted","In Patterson methods of structure solution, relationships between symmetrically related atoms produce peaks in the Patterson function on certain planes or along certain lines determined by the known crystallographic symmetries.","","Harker sections are portions of the Patterson","false","","2026-09-30","Reference;IUCr"
"ref:iucr:Voronoi domain","iucr","Voronoi domain","Voronoi domain","https://dictionary.iucr.org/Voronoi_domain","quoted","The Voronoi domain (or 'cell', or 'region') is the name given in mathematics to the Wigner-Seitz cell.","","Voronoi domains are in the form of polyhedra","false","","2026-09-30","Reference;IUCr"
"ref:wikipedia:Voronoi diagram","wikipedia","Voronoi diagram","Voronoi diagram","https://en.wikipedia.org/wiki/Voronoi_diagram","quoted","In mathematics, a Voronoi diagram is a partition of a plane into regions close to each of a given set of objects.","","It can be classified also as","false","","2026-09-30","Reference;Wikipedia"
"ref:iucr:Wigner-Seitz cell","iucr","Wigner-Seitz cell","Wigner-Seitz cell","https://dictionary.iucr.org/Wigner-Seitz_cell","quoted","The Wigner-Seitz cell is a polyhedron obtained by connecting a lattice point P to all other lattice points and drawing the planes perpendicular to these connecting lines and passing through their midpoints","","The polyhedron enclosed by these planes is the Wigner-Seitz cell.","true","","2026-09-30","Reference;IUCr"
"ref:wikipedia:Half-space (geometry)","wikipedia","Half-space (geometry)","Half-space (geometry)","https://en.wikipedia.org/wiki/Half-space_(geometry)","quoted","In geometry, a half-space is either of the two parts into which a plane divides the three-dimensional Euclidean space.","","If the space is two-dimensional, then","false","","2026-09-30","Reference;Wikipedia"
"ref:wikipedia:Monte Carlo method","wikipedia","Monte Carlo method","Monte Carlo method","https://en.wikipedia.org/wiki/Monte_Carlo_method","quoted","Monte Carlo methods, also called the Monte Carlo experiments or Monte Carlo simulations, are a broad class of computational algorithms based on repeated random sampling for obtaining numerical results","","conceptualized by Polish mathematician Stanisław Ulam","true","stopped at clause boundary","2026-09-30","Reference;Wikipedia"
"ref:wikipedia:Moment of inertia","wikipedia","Moment of inertia","Moment of inertia","https://en.wikipedia.org/wiki/Moment_of_inertia","quoted","The moment of inertia (also known as mass moment of inertia, angular/rotational mass, second moment of mass, or rotational inertia) is a measure of how difficult it is to change the rotation rate of a rigid body about a given axis.","","It is the ratio between the torque applied and the","false","","2026-09-30","Reference;Wikipedia"
"ref:wikipedia:Isoperimetric inequality","wikipedia","Isoperimetric inequality","Isoperimetric inequality","https://en.wikipedia.org/wiki/Isoperimetric_inequality","quoted","In mathematics, the isoperimetric inequality is a geometric inequality involving the square of the circumference of a closed curve in the plane and the area of a plane region it encloses, as well as its various generalizations.","","Isoperimetric literally means having the same perimeter","false","","2026-09-30","Reference;Wikipedia"
"ref:iucr:Subgroup","iucr","Subgroup","Subgroup","https://dictionary.iucr.org/Subgroup","quoted","Let G be a group and H a non-empty subset of G. Then H is called a subgroup of G if the elements of H obey the group postulates, i.e. if","","the identity element 1G of G is contained in H","true","sentence continues into a bullet list; italic markup stripped","2026-09-30","Reference;IUCr"
"ref:wikipedia:Subgroup","wikipedia","Subgroup","Subgroup","https://en.wikipedia.org/wiki/Subgroup","quoted","In group theory, a branch of mathematics, a subset of a group G is a subgroup of G if the members of that subset form a group with respect to the group operation in G.","","Formally, given a group G under a","false","","2026-09-30","Reference;Wikipedia"
"ref:iucr:Translationengleiche subgroup","iucr","Translationengleiche subgroup","Klassengleiche and translationengleiche subgroups","https://dictionary.iucr.org/Klassengleiche_and_translationengleiche_subgroups","quoted","In the second case, the lattice translations are maintained during the transition.","klassengleiche subgroups or","Usually only maximal subgroups of the","false","original URL is a stub redirect ('please refer to klassengleiche and translationengleiche subgroups'); quote taken from the combined entry; sentence defines translationengleiche only in context of the preceding sentence","2026-09-30","Reference;IUCr"
"ref:iucr:Klassengleiche subgroups","iucr","Klassengleiche subgroups","Klassengleiche subgroups","https://dictionary.iucr.org/Klassengleiche_subgroups","quoted","Subgroups of space groups are often used to describe the structures of a family of compounds which are closely related.","","They can also describe a sequence of different phases","false","first sentence of the page is context, not a formal definition; the page is the shared 'Klassengleiche and translationengleiche subgroups' entry","2026-09-30","Reference;IUCr"
"ref:iucr:Coset","iucr","Coset","Coset","https://dictionary.iucr.org/Coset","quoted-unverified-markup","If G is a group, H a subgroup of G, and g an element of G, then","","gH = { gh : h ∈","true","unverified: italics markup stripped; sentence continues into displayed formula","2026-09-30","Reference;IUCr"
"ref:wikipedia:Index of a subgroup","wikipedia","Index of a subgroup","Index of a subgroup","https://en.wikipedia.org/wiki/Index_of_a_subgroup","quoted","In mathematics, specifically group theory, the index of a subgroup H in a group G is the number of left cosets of H in G, or equivalently, the number of right cosets of H in G.","","The index is denoted","false","","2026-09-30","Reference;Wikipedia"
"ref:wikipedia:Coset","wikipedia","Coset","Coset","https://en.wikipedia.org/wiki/Coset","quoted","In mathematics, specifically group theory, a subgroup H of a group G may be used to decompose the underlying set of G into disjoint, equal-size subsets called cosets.","","There are left cosets and right cosets.","false","","2026-09-30","Reference;Wikipedia"
"ref:wikipedia:GF(2)","wikipedia","GF(2)","GF(2)","https://en.wikipedia.org/wiki/GF(2)","quoted-unverified-markup","GF(2) (also denoted , Z/2Z or ) is the finite field with two elements.","","GF(2) is the field with the smallest","false","unverified: math markup (F_2, Z_2) stripped, leaving empty slots in the parenthetical","2026-09-30","Reference;Wikipedia"
"ref:iucr:Group homomorphism","iucr","Group homomorphism","Group homomorphism","https://dictionary.iucr.org/Group_homomorphism","quoted-unverified-markup","A group homomorphism from a group (G, *) to a group (H, #) is a mapping f : G → H that preserves the composition law","","i.e. for all u and v in G","true","unverified: sentence continues with a displayed formula; math markup may have been altered in extraction","2026-09-30","Reference;IUCr"
"ref:wikipedia:Group homomorphism","wikipedia","Group homomorphism","Group homomorphism","https://en.wikipedia.org/wiki/Group_homomorphism","quoted-unverified-markup","In mathematics, given two groups, (G,∗) and (H, ·), a group homomorphism from (G,∗) to (H, ·) is a function h : G → H such that for all u and v in G it holds that","","where the group operation on the left side","true","unverified: sentence ends in a displayed equation that was stripped","2026-09-30","Reference;Wikipedia"
"ref:iucr:Group","iucr","Group","Group","https://dictionary.iucr.org/Group","quoted-unverified-markup","A set G equipped with a binary operation ∘: G × G → G, assigning to a pair (g,h) the product g∘h is called a group if:","","The operation is associative, i.e. (a∘b)∘c","false","unverified: math rendering may differ from page source","2026-09-30","Reference;IUCr"
"ref:wikipedia:Group theory","wikipedia","Group theory","Group theory","https://en.wikipedia.org/wiki/Group_theory","quoted","In abstract algebra, group theory studies the algebraic structures known as groups.","","The concept of a group is central","false","","2026-09-30","Reference;Wikipedia"
"ref:wikipedia:Symmetric group","wikipedia","Symmetric group","Symmetric group","https://en.wikipedia.org/wiki/Symmetric_group","quoted","In abstract algebra, the symmetric group defined over any set is the group whose elements are all the bijections from the set to itself, and whose group operation is the composition of functions.","","In particular, the finite symmetric group defined over","false","","2026-09-30","Reference;Wikipedia"
"ref:iucr:Unit cell","iucr","Unit cell","Unit cell","https://dictionary.iucr.org/Unit_cell","quoted","The unit cell is the parallelepiped built on the vectors, a, b, c, of a crystallographic basis of the direct lattice.","","Its volume is given by the scalar","false","bold markup for a, b, c stripped","2026-09-30","Reference;IUCr"
"ref:wikipedia:Unit cell","wikipedia","Unit cell","Unit cell","https://en.wikipedia.org/wiki/Unit_cell","quoted","In geometry, biology, mineralogy and solid state physics, a unit cell is a repeating unit formed by the vectors spanning the points of a lattice.","","Despite its suggestive name, the unit cell","false","","2026-09-30","Reference;Wikipedia"
"ref:iucr:Metric tensor","iucr","Metric tensor","Metric tensor","https://dictionary.iucr.org/Metric_tensor","quoted","A metric tensor is used to measure distances in a space.","","In crystallography the spaces considered","false","","2026-09-30","Reference;IUCr"
"ref:wikipedia:Metric tensor","wikipedia","Metric tensor","Metric tensor","https://en.wikipedia.org/wiki/Metric_tensor","quoted","In the mathematical field of differential geometry, a metric tensor (or simply metric) is an additional structure on a manifold M (such as a surface) that allows defining distances and angles, just as the inner product on a Euclidean space allows defining distances and angles there.","","More precisely, a metric tensor at a point p of M is a bilinear form","false","","2026-09-30","Reference;Wikipedia"
"ref:wikipedia:Gram matrix","wikipedia","Gram matrix","Gram matrix","https://en.wikipedia.org/wiki/Gram_matrix","quoted-unverified-markup","In linear algebra, the Gram matrix (or Gramian matrix, Gramian) of vectors in an inner product space is the Hermitian matrix of inner products","","whose entries are given by the inner product","true","unverified: math markup for the vector list v_1,...,v_n stripped; truncated at clause boundary","2026-09-30","Reference;Wikipedia"
"ref:iucr:Interplanar spacing","iucr","Interplanar spacing","Interplanar spacing","https://dictionary.iucr.org/Interplanar_spacing","quoted","The interplanar spacing or interplanar distance is the perpendicular distance between two successive planes on a family (hkl).","","It is commonly indicated as d","false","","2026-09-30","Reference;IUCr"
"ref:wikipedia:Bragg's law","wikipedia","Bragg's law","Bragg's law","https://en.wikipedia.org/wiki/Bragg's_law","quoted-unverified-markup","In physics, Bragg's law (or ""Wulff -Bragg's condition"" in postsoviet countries) gives the angles for coherent and incoherent scattering from a crystal lattice.","","When X-rays are incident on an atom, they make","false","unverified: WebFetch served a cached (possibly old) revision; current live lead may differ","2026-09-30","Reference;Wikipedia"
"ref:iucr:Bragg's law","iucr","Bragg's law","Bragg's law","https://dictionary.iucr.org/Bragg's_law","quoted-unverified-markup","Bragg's law provides the condition for a plane wave to be diffracted by a family of lattice planes: 2 d sin θ = n λ","","where d is the interplanar spacing","false","unverified: equation rendered from math markup (italics stripped); spacing of '2 d sin θ = n λ' may differ from page","2026-09-30","Reference;IUCr"
"ref:wikipedia:Fractional coordinates","wikipedia","Fractional coordinates","Fractional coordinates","https://en.wikipedia.org/wiki/Fractional_coordinates","quoted","In crystallography, a fractional coordinate system (crystal coordinate system) is a coordinate system in which basis vectors used to describe the space are the lattice vectors of a crystal (periodic) pattern.","","The selection of an origin and a basis define a unit cell","false","","2026-09-30","Reference;Wikipedia"
"ref:iucr:Metric specialization","iucr","Metric specialization","Metric specialization","https://dictionary.iucr.org/Metric_specialization","quoted","The term metric specialization indicates a special relation between cell parameters which bypasses the restrictions imposed by the symmetry of the crystal structure.","","For example, the symmetry of an orthorhombic crystal structure imposes","false","","2026-09-30","Reference;IUCr"
"ref:iucr:Neumann's principle","iucr","Neumann's principle","Neumann's principle","https://dictionary.iucr.org/Neumann's_principle","quoted","Neumann's principle, or principle of symmetry, states that, if a crystal is invariant with respect to certain symmetry operations, any of its physical properties must also be invariant with respect to the same symmetry operations","","or otherwise stated, the symmetry operations of","true","truncated at clause boundary; sentence continues","2026-09-30","Reference;IUCr"
"ref:wikipedia:Neumann's principle","wikipedia","Neumann's principle","","https://en.wikipedia.org/wiki/Neumann's_principle","unreachable","","","","false","WebFetch: domain is cache-only and this URL is not cached (tried both raw apostrophe and %27 encoding)","2026-09-30","Reference;Wikipedia"
"ref:wikipedia:Reynolds operator","wikipedia","Reynolds operator","Reynolds operator","https://en.wikipedia.org/wiki/Reynolds_operator","quoted","In fluid dynamics and invariant theory, a Reynolds operator is a mathematical operator given by averaging something over a group action, satisfying a set of properties called Reynolds rules.","","In fluid dynamics, Reynolds operators are often encountered in models","false","","2026-09-30","Reference;Wikipedia"
"ref:wikipedia:Projection (linear algebra)","wikipedia","Projection (linear algebra)","Projection (linear algebra)","https://en.wikipedia.org/wiki/Projection_(linear_algebra)","quoted-unverified-markup","In linear algebra and functional analysis, a projection is a linear transformation from a vector space to itself (an endomorphism) such that P² = P.","","That is, whenever P is applied twice to any vector","false","unverified: math markup P^2=P rendered as plain text","2026-09-30","Reference;Wikipedia"
"ref:iucr:Primitive cell","iucr","Primitive cell","Primitive cell","https://dictionary.iucr.org/Primitive_cell","quoted","A primitive cell is a unit cell built on the basis vectors of a primitive basis of the direct lattice","","namely a crystallographic basis of the","true","","2026-09-30","Reference;IUCr"
"ref:wikipedia:Primitive cell","wikipedia","Primitive cell","Unit cell","https://en.wikipedia.org/wiki/Unit_cell","quoted","In geometry, biology, mineralogy and solid state physics, a unit cell is a repeating unit formed by the vectors spanning the points of a lattice.","","Despite its suggestive name, the unit cell","false","redirects to the 'Unit cell' article; quote is the lead sentence of Unit cell, not a definition of 'primitive cell' specifically","2026-09-30","Reference;Wikipedia"
"ref:iucr:Primitive basis","iucr","Primitive basis","Primitive basis","https://dictionary.iucr.org/Primitive_basis","quoted-unverified-markup","A primitive basis is a crystallographic basis of the vector lattice L such that every lattice vector t of L may be obtained as an integral linear combination of the basis vectors, a, b, c.","","In mathematics, a primitive basis is","false","unverified: bold vector markup flattened","2026-09-30","Reference;IUCr"
"ref:iucr:Reduced cell","iucr","Reduced cell","Reduced cell","https://dictionary.iucr.org/Reduced_cell","quoted-unverified-markup","A primitive basis a, b, c is called a reduced basis if it is right-handed and if the components of the metric tensor satisfy the conditions below.","","Because of lattice symmetry there can be","false","unverified: bold vector markup flattened","2026-09-30","Reference;IUCr"
"ref:wikipedia:Lattice reduction","wikipedia","Lattice reduction","Lattice reduction","https://en.wikipedia.org/wiki/Lattice_reduction","quoted","In mathematics, the goal of lattice basis reduction is to find a basis with short, nearly orthogonal vectors when given an integer lattice basis as input.","","This is realized using","false","","2026-09-30","Reference;Wikipedia"
"ref:wikipedia:Plesiohedron","wikipedia","Plesiohedron","Plesiohedron","https://en.wikipedia.org/wiki/Plesiohedron","quoted","In geometry, a plesiohedron is a special kind of space-filling polyhedron, defined as the Voronoi cell of a symmetric Delone set.","","Three-dimensional Euclidean space can be","false","","2026-09-30","Reference;Wikipedia"
"ref:wikipedia:Rearrangement inequality","wikipedia","Rearrangement inequality","Rearrangement inequality","https://en.wikipedia.org/wiki/Rearrangement_inequality","quoted-unverified-markup","In mathematics, the rearrangement inequality states that for every choice of real numbers and every permutation of the numbers we have","","the upper bound in inequality 1","true","unverified: inline math (x_1 <= ... <= x_n, y_1 <= ... <= y_n, permutation sigma, and the displayed inequality) stripped from fetched text","2026-09-30","Reference;Wikipedia"
"ref:wikipedia:Similarity (geometry)","wikipedia","Similarity (geometry)","Similarity (geometry)","https://en.wikipedia.org/wiki/Similarity_(geometry)","quoted","In Euclidean geometry, two objects are similar if they have the same shape, or if one has the same shape as the mirror image of the other.","","More precisely, one can be obtained from the other by uniformly scaling","false","","2026-09-30","Reference;Wikipedia"
"ref:iucr:Pseudo symmetry","iucr","Pseudo symmetry","Pseudo symmetry","https://dictionary.iucr.org/Pseudo_symmetry","quoted-unverified-markup","A crystal space can in general be divided in N components S1 to SN.","","When a coincidence operation","false","unverified: subscripts (S_1, S_N) flattened in extraction; the actual defining sentence about pseudo symmetry comes later in the Definition section","2026-09-30","Reference;IUCr"
"ref:wikipedia:Pseudosymmetry","wikipedia","Pseudosymmetry","","https://en.wikipedia.org/wiki/Pseudosymmetry","unreachable","","","","false","WebFetch error: en.wikipedia.org is cache-only in this environment and this page is not cached; direct curl blocked by proxy (403). Page existence not verified.","2026-09-30","Reference;Wikipedia"
"ref:iucr:Sublattice","iucr","Sublattice","Sublattice","https://dictionary.iucr.org/Sublattice","quoted-unverified-markup","A lattice L' obtained by another lattice L by removing one or more sets of nodes is called a sublattice of L.","","The translation subgroup T' of L' is a","false","unverified: bold/prime markup may differ","2026-09-30","Reference;IUCr"
"ref:iucr:Dual basis","iucr","Dual basis","Dual basis","https://dictionary.iucr.org/Dual_basis","quoted","The dual basis is a basis associated to the basis of a vector space.","","In three-dimensional space, it is isomorphous","false","","2026-09-30","Reference;IUCr"
"ref:wikipedia:Dual basis","wikipedia","Dual basis","Dual basis","https://en.wikipedia.org/wiki/Dual_basis","quoted-unverified-markup","In linear algebra, given a vector space with a basis of vectors indexed by an index set (the cardinality of is the dimension of ), the dual set of is a set of vectors in the dual space with the same index set such that and form a biorthogonal system.","","The dual set is always linearly independent","false","unverified: inline math symbols (V, B, I, B*, V*) were stripped from the fetched text","2026-09-30","Reference;Wikipedia"
"ref:iucr:Twin law","iucr","Twin law","Twin law","https://dictionary.iucr.org/Twin_law","quoted","The twin law is the set of twin operations mapping two individuals of a twin.","","It is obtained by coset decomposition of","false","","2026-09-30","Reference;IUCr"
"ref:wikipedia:Twinning (crystallography)","wikipedia","Twinning (crystallography)","Crystal twinning","https://en.wikipedia.org/wiki/Crystal_twinning","quoted","Crystal twinning occurs when two or more adjacent crystals of the same mineral are oriented so that they share some of the same crystal lattice points in a symmetrical manner.","","The result is an intergrowth of two separate crystals","false","redirects to Crystal twinning","2026-09-30","Reference;Wikipedia"
"ref:iucr:Twinning by merohedry","iucr","Twinning by merohedry","Twinning by merohedry","https://dictionary.iucr.org/Twinning_by_merohedry","quoted","The twin operation belongs to the point group of the lattice but not to the point group of the crystal.","","Therefore, the point group of the crystal must be","false","","2026-09-30","Reference;IUCr"
"ref:wikipedia:Monodromy","wikipedia","Monodromy","Monodromy","https://en.wikipedia.org/wiki/Monodromy","quoted","In mathematics, monodromy is the study of how objects from mathematical analysis, algebraic topology, algebraic geometry and differential geometry behave as they ""run round"" a singularity.","","As the name implies, the fundamental","false","","2026-09-30","Reference;Wikipedia"
"ref:wikipedia:Nearest neighbor search","wikipedia","Nearest neighbor search","Nearest neighbor search","https://en.wikipedia.org/wiki/Nearest_neighbor_search","quoted","Nearest neighbor search (NNS), as a form of proximity search, is the optimization problem of finding the point in a given set that is closest (or most similar) to a given point.","","Closeness is typically expressed in terms","false","","2026-09-30","Reference;Wikipedia"
"ref:wikipedia:K-d tree","wikipedia","K-d tree","K-d tree","https://en.wikipedia.org/wiki/K-d_tree","quoted","In computer science, a k-d tree (short for k-dimensional tree) is a space-partitioning data structure for organizing points in a k-dimensional space.","","K-dimensional is that which concerns","false","","2026-09-30","Reference;Wikipedia"
"ref:wikipedia:Metric tree","wikipedia","Metric tree","Metric tree","https://en.wikipedia.org/wiki/Metric_tree","quoted","A metric tree is any tree data structure specialized to index data in metric spaces.","","Metric trees exploit properties of metric","false","","2026-09-30","Reference;Wikipedia"
"ref:wikipedia:Metric space","wikipedia","Metric space","Metric space","https://en.wikipedia.org/wiki/Metric_space","quoted","In mathematics, a metric space is a set together with a notion of distance between its points.","","The distance is measured by a","false","","2026-09-30","Reference;Wikipedia"
"ref:wikipedia:Euclidean distance","wikipedia","Euclidean distance","Euclidean distance","https://en.wikipedia.org/wiki/Euclidean_distance","quoted","In mathematics, the Euclidean distance between two points in a Euclidean space is the length of the line segment between them.","","It can be calculated from the Cartesian coordinates","false","","2026-09-30","Reference;Wikipedia"
"ref:wikipedia:Nearest neighbor graph","wikipedia","Nearest neighbor graph","Nearest neighbor graph","https://en.wikipedia.org/wiki/Nearest_neighbor_graph","quoted","The nearest neighbor graph (NNG) is a directed graph defined for a set of points in a metric space, such as the Euclidean distance in the plane.","","The NNG has a vertex for each","false","","2026-09-30","Reference;Wikipedia"
"ref:wikipedia:Dijkstra's algorithm","wikipedia","Dijkstra's algorithm","Dijkstra's algorithm","https://en.wikipedia.org/wiki/Dijkstra's_algorithm","quoted","Dijkstra's algorithm is an algorithm for finding the shortest paths between nodes in a graph, which may represent, for example, road networks.","","It was conceived by computer scientist Edsger W. Dijkstra in 1956","false","","2026-09-30","Reference;Wikipedia"
"ref:wikipedia:Algebraic connectivity","wikipedia","Algebraic connectivity","Algebraic connectivity","https://en.wikipedia.org/wiki/Algebraic_connectivity","quoted","The algebraic connectivity (also known as Fiedler value or Fiedler eigenvalue after Miroslav Fiedler) of a graph G is the second-smallest eigenvalue (counting multiple eigenvalues separately) of the Laplacian matrix of G.","","This eigenvalue is greater than 0","false","","2026-09-30","Reference;Wikipedia"
"ref:wikipedia:Farthest-first traversal","wikipedia","Farthest-first traversal","Farthest-first traversal","https://en.wikipedia.org/wiki/Farthest-first_traversal","quoted","In computational geometry, the farthest-first traversal of a compact metric space is a sequence of points in the space, where the first point is selected arbitrarily and each successive point is as far as possible from the set of previously-selected points.","","The same concept can also be applied","false","","2026-09-30","Reference;Wikipedia"
"ref:wikipedia:Pearson correlation coefficient","wikipedia","Pearson correlation coefficient","Pearson correlation coefficient","https://en.wikipedia.org/wiki/Pearson_correlation_coefficient","quoted","In statistics, the Pearson correlation coefficient (PCC), also known as Pearson's r, the Pearson product-moment correlation coefficient (PPMCC), or simply the unqualified correlation coefficient, is a correlation coefficient that measures linear correlation between two sets of data.","","It is the ratio between","false","","2026-09-30","Reference;Wikipedia"
"ref:wikipedia:Singular value decomposition","wikipedia","Singular value decomposition","Singular value decomposition","https://en.wikipedia.org/wiki/Singular_value_decomposition","quoted","In linear algebra, the singular value decomposition (SVD) is a factorization of a real or complex matrix into a rotation, followed by a scaling, followed by another rotation.","","It generalizes the eigendecomposition of a square","false","","2026-09-30","Reference;Wikipedia"
"ref:wikipedia:Convex hull","wikipedia","Convex hull","Convex hull","https://en.wikipedia.org/wiki/Convex_hull","quoted","In geometry, the convex hull, convex envelope or convex closure of a shape is the smallest convex set that contains it.","","The convex hull may be defined either as the intersection","false","","2026-09-30","Reference;Wikipedia"
"ref:wikipedia:Machine epsilon","wikipedia","Machine epsilon","Machine epsilon","https://en.wikipedia.org/wiki/Machine_epsilon","quoted","Machine epsilon or machine precision is an upper bound on the relative approximation error due to rounding in floating point number systems.","","This value characterizes computer arithmetic in the field of numerical analysis","false","","2026-09-30","Reference;Wikipedia"
"ref:wikipedia:Torus","wikipedia","Torus","Torus","https://en.wikipedia.org/wiki/Torus","quoted","In geometry, a torus (pl.: tori or toruses) is a surface of revolution generated by revolving a circle in three-dimensional space one full revolution about an axis that is coplanar with the circle.","","The main types of tori include ring tori,","false","","2026-09-30","Reference;Wikipedia"
"ref:wikipedia:Rational number","wikipedia","Rational number","Rational number","https://en.wikipedia.org/wiki/Rational_number","quoted","In mathematics, a rational number is a number that can be expressed as the quotient or fraction of two integers, a numerator p and a nonzero denominator q.","","For example, is a rational","false","page has p/q as math markup inside the sentence; stripped form shown","2026-09-30","Reference;Wikipedia"
"ref:wikipedia:Determinant","wikipedia","Determinant","Determinant","https://en.wikipedia.org/wiki/Determinant","quoted","In mathematics, the determinant is a scalar-valued function of the entries of a square matrix that has many properties which make it fundamental","","for the study of square matrices and linear transformations","true","","2026-09-30","Reference;Wikipedia"
"ref:wikipedia:Invertible matrix","wikipedia","Invertible matrix","Invertible matrix","https://en.wikipedia.org/wiki/Invertible_matrix","quoted","In linear algebra, an invertible matrix (non-singular, non-degenerate or regular) is a square matrix that has an inverse.","","In other words, if a matrix","false","","2026-09-30","Reference;Wikipedia"
"ref:wikipedia:Gaussian elimination","wikipedia","Gaussian elimination","Gaussian elimination","https://en.wikipedia.org/wiki/Gaussian_elimination","quoted","In mathematics, Gaussian elimination, also known as row reduction, is an algorithm for solving systems of linear equations.","","It consists of a sequence of row-wise operations","false","","2026-09-30","Reference;Wikipedia"
"ref:wikipedia:System of linear equations","wikipedia","System of linear equations","System of linear equations","https://en.wikipedia.org/wiki/System_of_linear_equations","quoted","In mathematics, a system of linear equations (or linear system) is a collection of two or more linear equations involving the same variables.","","A solution to a linear system is","false","","2026-09-30","Reference;Wikipedia"
"ref:wikipedia:Kernel (linear algebra)","wikipedia","Kernel (linear algebra)","Kernel (linear algebra)","https://en.wikipedia.org/wiki/Kernel_(linear_algebra)","quoted","In mathematics, the kernel of a linear map, also known as the null space or nullspace, is the part of the domain which is mapped to the zero vector of the co-domain","","the kernel is always a linear","true","stopped at clause boundary before ';'","2026-09-30","Reference;Wikipedia"
"ref:wikipedia:Rank (linear algebra)","wikipedia","Rank (linear algebra)","Rank (linear algebra)","https://en.wikipedia.org/wiki/Rank_(linear_algebra)","quoted","In linear algebra, the rank of a matrix A is the dimension of the vector space generated (or spanned) by its columns.","","This corresponds to the maximal number of linearly independent columns","false","","2026-09-30","Reference;Wikipedia"
"ref:wikipedia:Affine space","wikipedia","Affine space","Affine space","https://en.wikipedia.org/wiki/Affine_space","quoted","In mathematics, an affine space is a geometric structure that generalizes some of the properties of Euclidean spaces in such a way that these are independent of the concepts of distance and measure of angles, keeping only the properties related to parallelism and ratio of lengths for parallel line segments.","","Affine space is the setting for affine geometry.","false","","2026-09-30","Reference;Wikipedia"
"ref:iucr:Affine mapping","iucr","Affine mapping","Affine mapping","https://dictionary.iucr.org/Affine_mapping","quoted","An affine mapping is any mapping that preserves collinearity and ratios of distances","","if three points belong to the same","true","first clause only; sentence continues with ':'","2026-09-30","Reference;IUCr"
"ref:wikipedia:Affine transformation","wikipedia","Affine transformation","Affine transformation","https://en.wikipedia.org/wiki/Affine_transformation","quoted","In Euclidean geometry, an affine transformation or affinity (from the Latin, affinis, ""connected with"") is a geometric transformation that preserves lines and parallelism, but not necessarily Euclidean distances and angles.","","More generally, an affine transformation is an","false","","2026-09-30","Reference;Wikipedia"
"ref:wikipedia:Unimodular matrix","wikipedia","Unimodular matrix","Unimodular matrix","https://en.wikipedia.org/wiki/Unimodular_matrix","quoted","In mathematics, a unimodular matrix M is a square integer matrix having determinant +1 or −1.","","Equivalently, it is an integer matrix","false","","2026-09-30","Reference;Wikipedia"
"ref:wikipedia:Hermite normal form","wikipedia","Hermite normal form","Hermite normal form","https://en.wikipedia.org/wiki/Hermite_normal_form","quoted","In linear algebra, the Hermite normal form is an analogue of reduced echelon form for matrices over the integers.","","Just as reduced echelon form can be","false","","2026-09-30","Reference;Wikipedia"
"ref:wikipedia:Smith normal form","wikipedia","Smith normal form","Smith normal form","https://en.wikipedia.org/wiki/Smith_normal_form","quoted","In mathematics, the Smith normal form (sometimes abbreviated SNF) is a normal form that can be defined for any matrix (not necessarily square) with entries in a principal ideal domain (PID).","","The Smith normal form of a matrix is diagonal","false","","2026-09-30","Reference;Wikipedia"
"ref:wikipedia:Finitely generated abelian group","wikipedia","Finitely generated abelian group","Finitely generated abelian group","https://en.wikipedia.org/wiki/Finitely_generated_abelian_group","quoted-unverified-markup","In abstract algebra, an abelian group is called finitely generated if there exist finitely many elements in such that every in can be written in the form for some integers.","","In this case, we say that","false","unverified: inline math (group symbol, x_1..x_s, n_i) was stripped from the extracted text; quote is not verbatim","2026-09-30","Reference;Wikipedia"
"ref:wikipedia:Modular arithmetic","wikipedia","Modular arithmetic","Modular arithmetic","https://en.wikipedia.org/wiki/Modular_arithmetic","quoted","In mathematics, modular arithmetic is a system of arithmetic operations for integers, differing from the usual ones in that numbers ""wrap around"" when reaching or exceeding a certain value, called the modulus.","","The modern approach to number theory","false","","2026-09-30","Reference;Wikipedia"
"ref:wikipedia:Greatest common divisor","wikipedia","Greatest common divisor","Greatest common divisor","https://en.wikipedia.org/wiki/Greatest_common_divisor","quoted","In mathematics, the greatest common divisor (GCD), also known as greatest common factor (GCF), of two or more integers, which are not all zero, is the largest positive integer that divides each of the integers.","","For two integers x, y, the greatest common divisor","false","","2026-09-30","Reference;Wikipedia"
"ref:iucr:Order (group theory)","iucr","Order (group theory)","Order (group theory)","https://dictionary.iucr.org/Order_(group_theory)","quoted","If G is a group consisting of a finite number of elements, this number of elements is the order of G.","","For example, the point group m3m","false","","2026-09-30","Reference;IUCr"
"ref:wikipedia:Order (group theory)","wikipedia","Order (group theory)","Order (group theory)","https://en.wikipedia.org/wiki/Order_(group_theory)","quoted","In mathematics, the order of a finite group is the number of its elements.","","If a group is not finite,","false","","2026-09-30","Reference;Wikipedia"
