":START_ID(Concept)",":END_ID(Evidence)",":TYPE"
"space_group","evi:code:space_group:0","HAS_CODE_EVIDENCE"
"space_group","evi:code:space_group:1","HAS_CODE_EVIDENCE"
"space_group","evi:code:space_group:2","HAS_CODE_EVIDENCE"
"space_group","evi:code:space_group:3","HAS_CODE_EVIDENCE"
"symmetry_operation","evi:code:symmetry_operation:0","HAS_CODE_EVIDENCE"
"symmetry_operation","evi:code:symmetry_operation:1","HAS_CODE_EVIDENCE"
"point_group","evi:code:point_group:0","HAS_CODE_EVIDENCE"
"laue_class","evi:code:laue_class:0","HAS_CODE_EVIDENCE"
"laue_class","evi:code:laue_class:1","HAS_CODE_EVIDENCE"
"laue_class","evi:code:laue_class:2","HAS_CODE_EVIDENCE"
"laue_class","evi:code:laue_class:3","HAS_CODE_EVIDENCE"
"laue_class","evi:code:laue_class:4","HAS_CODE_EVIDENCE"
"holohedry","evi:code:holohedry:0","HAS_CODE_EVIDENCE"
"holohedry","evi:code:holohedry:1","HAS_CODE_EVIDENCE"
"centrosymmetry","evi:code:centrosymmetry:0","HAS_CODE_EVIDENCE"
"centrosymmetry","evi:code:centrosymmetry:1","HAS_CODE_EVIDENCE"
"inversion_centre","evi:code:inversion_centre:0","HAS_CODE_EVIDENCE"
"inversion_centre","evi:code:inversion_centre:1","HAS_CODE_EVIDENCE"
"inversion_centre","evi:code:inversion_centre:2","HAS_CODE_EVIDENCE"
"group_closure","evi:code:group_closure:0","HAS_CODE_EVIDENCE"
"group_closure","evi:code:group_closure:1","HAS_CODE_EVIDENCE"
"group_closure","evi:code:group_closure:2","HAS_CODE_EVIDENCE"
"generators_of_a_group","evi:code:generators_of_a_group:0","HAS_CODE_EVIDENCE"
"generators_of_a_group","evi:code:generators_of_a_group:1","HAS_CODE_EVIDENCE"
"hall_symbol","evi:code:hall_symbol:0","HAS_CODE_EVIDENCE"
"hall_symbol","evi:code:hall_symbol:1","HAS_CODE_EVIDENCE"
"hall_symbol","evi:code:hall_symbol:2","HAS_CODE_EVIDENCE"
"hall_symbol","evi:code:hall_symbol:3","HAS_CODE_EVIDENCE"
"hall_symbol","evi:code:hall_symbol:4","HAS_CODE_EVIDENCE"
"hall_symbol","evi:code:hall_symbol:5","HAS_CODE_EVIDENCE"
"hermann_mauguin_symbol","evi:code:hermann_mauguin_symbol:0","HAS_CODE_EVIDENCE"
"hermann_mauguin_symbol","evi:code:hermann_mauguin_symbol:1","HAS_CODE_EVIDENCE"
"hermann_mauguin_symbol","evi:code:hermann_mauguin_symbol:2","HAS_CODE_EVIDENCE"
"ita_setting","evi:code:ita_setting:0","HAS_CODE_EVIDENCE"
"ita_setting","evi:code:ita_setting:1","HAS_CODE_EVIDENCE"
"ita_setting","evi:code:ita_setting:2","HAS_CODE_EVIDENCE"
"ita_setting","evi:code:ita_setting:3","HAS_CODE_EVIDENCE"
"extended_setting_notation","evi:code:extended_setting_notation:0","HAS_CODE_EVIDENCE"
"extended_setting_notation","evi:code:extended_setting_notation:1","HAS_CODE_EVIDENCE"
"extended_setting_notation","evi:code:extended_setting_notation:2","HAS_CODE_EVIDENCE"
"extended_setting_notation","evi:code:extended_setting_notation:3","HAS_CODE_EVIDENCE"
"extended_setting_notation","evi:code:extended_setting_notation:4","HAS_CODE_EVIDENCE"
"extended_setting_notation","evi:code:extended_setting_notation:5","HAS_CODE_EVIDENCE"
"change_of_basis","evi:code:change_of_basis:0","HAS_CODE_EVIDENCE"
"change_of_basis","evi:code:change_of_basis:1","HAS_CODE_EVIDENCE"
"change_of_basis","evi:code:change_of_basis:2","HAS_CODE_EVIDENCE"
"change_of_basis","evi:code:change_of_basis:3","HAS_CODE_EVIDENCE"
"change_of_basis","evi:code:change_of_basis:4","HAS_CODE_EVIDENCE"
"change_of_basis","evi:code:change_of_basis:5","HAS_CODE_EVIDENCE"
"covariance_contravariance","evi:code:covariance_contravariance:0","HAS_CODE_EVIDENCE"
"covariance_contravariance","evi:code:covariance_contravariance:1","HAS_CODE_EVIDENCE"
"origin_shift","evi:code:origin_shift:0","HAS_CODE_EVIDENCE"
"origin_shift","evi:code:origin_shift:1","HAS_CODE_EVIDENCE"
"origin_shift","evi:code:origin_shift:2","HAS_CODE_EVIDENCE"
"conjugation","evi:code:conjugation:0","HAS_CODE_EVIDENCE"
"conjugation","evi:code:conjugation:1","HAS_CODE_EVIDENCE"
"lattice_centring","evi:code:lattice_centring:0","HAS_CODE_EVIDENCE"
"lattice_centring","evi:code:lattice_centring:1","HAS_CODE_EVIDENCE"
"lattice_centring","evi:code:lattice_centring:2","HAS_CODE_EVIDENCE"
"lattice_centring","evi:code:lattice_centring:3","HAS_CODE_EVIDENCE"
"lattice_centring","evi:code:lattice_centring:4","HAS_CODE_EVIDENCE"
"bravais_lattice","evi:code:bravais_lattice:0","HAS_CODE_EVIDENCE"
"bravais_lattice","evi:code:bravais_lattice:1","HAS_CODE_EVIDENCE"
"lattice","evi:code:lattice:0","HAS_CODE_EVIDENCE"
"lattice","evi:code:lattice:1","HAS_CODE_EVIDENCE"
"integer_lattice","evi:code:integer_lattice:0","HAS_CODE_EVIDENCE"
"integer_lattice","evi:code:integer_lattice:1","HAS_CODE_EVIDENCE"
"integer_lattice","evi:code:integer_lattice:2","HAS_CODE_EVIDENCE"
"crystal_system","evi:code:crystal_system:0","HAS_CODE_EVIDENCE"
"crystal_system","evi:code:crystal_system:1","HAS_CODE_EVIDENCE"
"crystal_system","evi:code:crystal_system:2","HAS_CODE_EVIDENCE"
"crystal_family","evi:code:crystal_family:0","HAS_CODE_EVIDENCE"
"crystallographic_restriction","evi:code:crystallographic_restriction:0","HAS_CODE_EVIDENCE"
"crystallographic_restriction","evi:code:crystallographic_restriction:1","HAS_CODE_EVIDENCE"
"symmetry_element","evi:code:symmetry_element:0","HAS_CODE_EVIDENCE"
"symmetry_element","evi:code:symmetry_element:1","HAS_CODE_EVIDENCE"
"symmetry_element","evi:code:symmetry_element:2","HAS_CODE_EVIDENCE"
"symmetry_element","evi:code:symmetry_element:3","HAS_CODE_EVIDENCE"
"symmetry_element","evi:code:symmetry_element:4","HAS_CODE_EVIDENCE"
"symmetry_element","evi:code:symmetry_element:5","HAS_CODE_EVIDENCE"
"symmetry_element","evi:code:symmetry_element:6","HAS_CODE_EVIDENCE"
"screw_axis","evi:code:screw_axis:0","HAS_CODE_EVIDENCE"
"screw_axis","evi:code:screw_axis:1","HAS_CODE_EVIDENCE"
"screw_axis","evi:code:screw_axis:2","HAS_CODE_EVIDENCE"
"screw_axis","evi:code:screw_axis:3","HAS_CODE_EVIDENCE"
"screw_axis","evi:code:screw_axis:4","HAS_CODE_EVIDENCE"
"glide_plane","evi:code:glide_plane:0","HAS_CODE_EVIDENCE"
"glide_plane","evi:code:glide_plane:1","HAS_CODE_EVIDENCE"
"glide_plane","evi:code:glide_plane:2","HAS_CODE_EVIDENCE"
"rotoinversion","evi:code:rotoinversion:0","HAS_CODE_EVIDENCE"
"rotoinversion","evi:code:rotoinversion:1","HAS_CODE_EVIDENCE"
"mirror_plane","evi:code:mirror_plane:0","HAS_CODE_EVIDENCE"
"mirror_plane","evi:code:mirror_plane:1","HAS_CODE_EVIDENCE"
"intrinsic_translation","evi:code:intrinsic_translation:0","HAS_CODE_EVIDENCE"
"intrinsic_translation","evi:code:intrinsic_translation:1","HAS_CODE_EVIDENCE"
"intrinsic_translation","evi:code:intrinsic_translation:2","HAS_CODE_EVIDENCE"
"fixed_point_locus","evi:code:fixed_point_locus:0","HAS_CODE_EVIDENCE"
"fixed_point_locus","evi:code:fixed_point_locus:1","HAS_CODE_EVIDENCE"
"fixed_point_locus","evi:code:fixed_point_locus:2","HAS_CODE_EVIDENCE"
"fixed_subspace","evi:code:fixed_subspace:0","HAS_CODE_EVIDENCE"
"fixed_subspace","evi:code:fixed_subspace:1","HAS_CODE_EVIDENCE"
"fixed_subspace","evi:code:fixed_subspace:2","HAS_CODE_EVIDENCE"
"ita_diagrams","evi:code:ita_diagrams:0","HAS_CODE_EVIDENCE"
"ita_diagrams","evi:code:ita_diagrams:1","HAS_CODE_EVIDENCE"
"ita_diagrams","evi:code:ita_diagrams:2","HAS_CODE_EVIDENCE"
"ita_diagrams","evi:code:ita_diagrams:3","HAS_CODE_EVIDENCE"
"wyckoff_position","evi:code:wyckoff_position:0","HAS_CODE_EVIDENCE"
"wyckoff_position","evi:code:wyckoff_position:1","HAS_CODE_EVIDENCE"
"wyckoff_position","evi:code:wyckoff_position:2","HAS_CODE_EVIDENCE"
"wyckoff_position","evi:code:wyckoff_position:3","HAS_CODE_EVIDENCE"
"site_symmetry","evi:code:site_symmetry:0","HAS_CODE_EVIDENCE"
"site_symmetry","evi:code:site_symmetry:1","HAS_CODE_EVIDENCE"
"site_symmetry","evi:code:site_symmetry:2","HAS_CODE_EVIDENCE"
"crystallographic_orbit","evi:code:crystallographic_orbit:0","HAS_CODE_EVIDENCE"
"crystallographic_orbit","evi:code:crystallographic_orbit:1","HAS_CODE_EVIDENCE"
"general_position","evi:code:general_position:0","HAS_CODE_EVIDENCE"
"general_position","evi:code:general_position:1","HAS_CODE_EVIDENCE"
"general_position","evi:code:general_position:2","HAS_CODE_EVIDENCE"
"general_position","evi:code:general_position:3","HAS_CODE_EVIDENCE"
"stabilizer","evi:code:stabilizer:0","HAS_CODE_EVIDENCE"
"stabilizer","evi:code:stabilizer:1","HAS_CODE_EVIDENCE"
"stabilizer","evi:code:stabilizer:2","HAS_CODE_EVIDENCE"
"orbit","evi:code:orbit:0","HAS_CODE_EVIDENCE"
"orbit","evi:code:orbit:1","HAS_CODE_EVIDENCE"
"orbit_stabilizer_theorem","evi:code:orbit_stabilizer_theorem:0","HAS_CODE_EVIDENCE"
"orbit_stabilizer_theorem","evi:code:orbit_stabilizer_theorem:1","HAS_CODE_EVIDENCE"
"group_action","evi:code:group_action:0","HAS_CODE_EVIDENCE"
"group_action","evi:code:group_action:1","HAS_CODE_EVIDENCE"
"miller_indices","evi:code:miller_indices:0","HAS_CODE_EVIDENCE"
"miller_indices","evi:code:miller_indices:1","HAS_CODE_EVIDENCE"
"reciprocal_lattice","evi:code:reciprocal_lattice:0","HAS_CODE_EVIDENCE"
"reciprocal_lattice","evi:code:reciprocal_lattice:1","HAS_CODE_EVIDENCE"
"structure_factor_phase","evi:code:structure_factor_phase:0","HAS_CODE_EVIDENCE"
"structure_factor_phase","evi:code:structure_factor_phase:1","HAS_CODE_EVIDENCE"
"structure_factor_phase","evi:code:structure_factor_phase:2","HAS_CODE_EVIDENCE"
"structure_factor","evi:code:structure_factor:0","HAS_CODE_EVIDENCE"
"systematic_absences","evi:code:systematic_absences:0","HAS_CODE_EVIDENCE"
"systematic_absences","evi:code:systematic_absences:1","HAS_CODE_EVIDENCE"
"systematic_absences","evi:code:systematic_absences:2","HAS_CODE_EVIDENCE"
"reflection_conditions","evi:code:reflection_conditions:0","HAS_CODE_EVIDENCE"
"reflection_conditions","evi:code:reflection_conditions:1","HAS_CODE_EVIDENCE"
"reflection_conditions","evi:code:reflection_conditions:2","HAS_CODE_EVIDENCE"
"reflection_conditions","evi:code:reflection_conditions:3","HAS_CODE_EVIDENCE"
"reflection_conditions","evi:code:reflection_conditions:4","HAS_CODE_EVIDENCE"
"reflection_conditions","evi:code:reflection_conditions:5","HAS_CODE_EVIDENCE"
"reflection_conditions","evi:code:reflection_conditions:6","HAS_CODE_EVIDENCE"
"integral_reflection_conditions","evi:code:integral_reflection_conditions:0","HAS_CODE_EVIDENCE"
"integral_reflection_conditions","evi:code:integral_reflection_conditions:1","HAS_CODE_EVIDENCE"
"zonal_reflection_conditions","evi:code:zonal_reflection_conditions:0","HAS_CODE_EVIDENCE"
"zonal_reflection_conditions","evi:code:zonal_reflection_conditions:1","HAS_CODE_EVIDENCE"
"serial_reflection_conditions","evi:code:serial_reflection_conditions:0","HAS_CODE_EVIDENCE"
"serial_reflection_conditions","evi:code:serial_reflection_conditions:1","HAS_CODE_EVIDENCE"
"reflection_stratum","evi:code:reflection_stratum:0","HAS_CODE_EVIDENCE"
"reflection_stratum","evi:code:reflection_stratum:1","HAS_CODE_EVIDENCE"
"reflection_stratum","evi:code:reflection_stratum:2","HAS_CODE_EVIDENCE"
"reflection_stratum","evi:code:reflection_stratum:3","HAS_CODE_EVIDENCE"
"reflection_stratum","evi:code:reflection_stratum:4","HAS_CODE_EVIDENCE"
"reflection_stratum","evi:code:reflection_stratum:5","HAS_CODE_EVIDENCE"
"reflection_stratum","evi:code:reflection_stratum:6","HAS_CODE_EVIDENCE"
"augmented_translation_lattice","evi:code:augmented_translation_lattice:0","HAS_CODE_EVIDENCE"
"augmented_translation_lattice","evi:code:augmented_translation_lattice:1","HAS_CODE_EVIDENCE"
"centric_reflection","evi:code:centric_reflection:0","HAS_CODE_EVIDENCE"
"centric_reflection","evi:code:centric_reflection:1","HAS_CODE_EVIDENCE"
"friedel_law","evi:code:friedel_law:0","HAS_CODE_EVIDENCE"
"friedel_law","evi:code:friedel_law:1","HAS_CODE_EVIDENCE"
"equivalent_reflections","evi:code:equivalent_reflections:0","HAS_CODE_EVIDENCE"
"equivalent_reflections","evi:code:equivalent_reflections:1","HAS_CODE_EVIDENCE"
"equivalent_reflections","evi:code:equivalent_reflections:2","HAS_CODE_EVIDENCE"
"epsilon_factor","evi:code:epsilon_factor:0","HAS_CODE_EVIDENCE"
"epsilon_factor","evi:code:epsilon_factor:1","HAS_CODE_EVIDENCE"
"reciprocal_asu","evi:code:reciprocal_asu:0","HAS_CODE_EVIDENCE"
"reciprocal_asu","evi:code:reciprocal_asu:1","HAS_CODE_EVIDENCE"
"reciprocal_asu","evi:code:reciprocal_asu:2","HAS_CODE_EVIDENCE"
"reciprocal_asu","evi:code:reciprocal_asu:3","HAS_CODE_EVIDENCE"
"allowed_origins","evi:code:allowed_origins:0","HAS_CODE_EVIDENCE"
"allowed_origins","evi:code:allowed_origins:1","HAS_CODE_EVIDENCE"
"allowed_origins","evi:code:allowed_origins:2","HAS_CODE_EVIDENCE"
"allowed_origins","evi:code:allowed_origins:3","HAS_CODE_EVIDENCE"
"allowed_origins","evi:code:allowed_origins:4","HAS_CODE_EVIDENCE"
"allowed_origins","evi:code:allowed_origins:5","HAS_CODE_EVIDENCE"
"floating_origin","evi:code:floating_origin:0","HAS_CODE_EVIDENCE"
"floating_origin","evi:code:floating_origin:1","HAS_CODE_EVIDENCE"
"euclidean_normalizer","evi:code:euclidean_normalizer:0","HAS_CODE_EVIDENCE"
"euclidean_normalizer","evi:code:euclidean_normalizer:1","HAS_CODE_EVIDENCE"
"normalizer","evi:code:normalizer:0","HAS_CODE_EVIDENCE"
"structure_seminvariant","evi:code:structure_seminvariant:0","HAS_CODE_EVIDENCE"
"structure_seminvariant","evi:code:structure_seminvariant:1","HAS_CODE_EVIDENCE"
"structure_seminvariant","evi:code:structure_seminvariant:2","HAS_CODE_EVIDENCE"
"structure_seminvariant","evi:code:structure_seminvariant:3","HAS_CODE_EVIDENCE"
"direct_methods","evi:code:direct_methods:0","HAS_CODE_EVIDENCE"
"patterson_function","evi:code:patterson_function:0","HAS_CODE_EVIDENCE"
"patterson_function","evi:code:patterson_function:1","HAS_CODE_EVIDENCE"
"harker_section","evi:code:harker_section:0","HAS_CODE_EVIDENCE"
"harker_section","evi:code:harker_section:1","HAS_CODE_EVIDENCE"
"harker_section","evi:code:harker_section:2","HAS_CODE_EVIDENCE"
"harker_section","evi:code:harker_section:3","HAS_CODE_EVIDENCE"
"harker_section","evi:code:harker_section:4","HAS_CODE_EVIDENCE"
"harker_section","evi:code:harker_section:5","HAS_CODE_EVIDENCE"
"asymmetric_unit","evi:code:asymmetric_unit:0","HAS_CODE_EVIDENCE"
"asymmetric_unit","evi:code:asymmetric_unit:1","HAS_CODE_EVIDENCE"
"asymmetric_unit","evi:code:asymmetric_unit:2","HAS_CODE_EVIDENCE"
"dirichlet_domain","evi:code:dirichlet_domain:0","HAS_CODE_EVIDENCE"
"dirichlet_domain","evi:code:dirichlet_domain:1","HAS_CODE_EVIDENCE"
"dirichlet_domain","evi:code:dirichlet_domain:2","HAS_CODE_EVIDENCE"
"dirichlet_domain","evi:code:dirichlet_domain:3","HAS_CODE_EVIDENCE"
"voronoi_cell","evi:code:voronoi_cell:0","HAS_CODE_EVIDENCE"
"half_space","evi:code:half_space:0","HAS_CODE_EVIDENCE"
"monte_carlo","evi:code:monte_carlo:0","HAS_CODE_EVIDENCE"
"inertia_tensor","evi:code:inertia_tensor:0","HAS_CODE_EVIDENCE"
"inertia_tensor","evi:code:inertia_tensor:1","HAS_CODE_EVIDENCE"
"isoperimetric_quotient","evi:code:isoperimetric_quotient:0","HAS_CODE_EVIDENCE"
"subgroup","evi:code:subgroup:0","HAS_CODE_EVIDENCE"
"subgroup","evi:code:subgroup:1","HAS_CODE_EVIDENCE"
"subgroup","evi:code:subgroup:2","HAS_CODE_EVIDENCE"
"subgroup","evi:code:subgroup:3","HAS_CODE_EVIDENCE"
"subgroup","evi:code:subgroup:4","HAS_CODE_EVIDENCE"
"subgroup","evi:code:subgroup:5","HAS_CODE_EVIDENCE"
"t_subgroup","evi:code:t_subgroup:0","HAS_CODE_EVIDENCE"
"t_subgroup","evi:code:t_subgroup:1","HAS_CODE_EVIDENCE"
"k_subgroup","evi:code:k_subgroup:0","HAS_CODE_EVIDENCE"
"k_subgroup","evi:code:k_subgroup:1","HAS_CODE_EVIDENCE"
"k_subgroup","evi:code:k_subgroup:2","HAS_CODE_EVIDENCE"
"k_subgroup","evi:code:k_subgroup:3","HAS_CODE_EVIDENCE"
"k_subgroup","evi:code:k_subgroup:4","HAS_CODE_EVIDENCE"
"index_of_subgroup","evi:code:index_of_subgroup:0","HAS_CODE_EVIDENCE"
"index_of_subgroup","evi:code:index_of_subgroup:1","HAS_CODE_EVIDENCE"
"index_of_subgroup","evi:code:index_of_subgroup:2","HAS_CODE_EVIDENCE"
"coset","evi:code:coset:0","HAS_CODE_EVIDENCE"
"coset","evi:code:coset:1","HAS_CODE_EVIDENCE"
"coset","evi:code:coset:2","HAS_CODE_EVIDENCE"
"coset","evi:code:coset:3","HAS_CODE_EVIDENCE"
"finite_field_gf2","evi:code:finite_field_gf2:0","HAS_CODE_EVIDENCE"
"group_homomorphism","evi:code:group_homomorphism:0","HAS_CODE_EVIDENCE"
"group_theory","evi:code:group_theory:0","HAS_CODE_EVIDENCE"
"group_theory","evi:code:group_theory:1","HAS_CODE_EVIDENCE"
"permutation_group_s4","evi:code:permutation_group_s4:0","HAS_CODE_EVIDENCE"
"permutation_group_s4","evi:code:permutation_group_s4:1","HAS_CODE_EVIDENCE"
"permutation_group_s4","evi:code:permutation_group_s4:2","HAS_CODE_EVIDENCE"
"permutation_group_s4","evi:code:permutation_group_s4:3","HAS_CODE_EVIDENCE"
"permutation_group_s4","evi:code:permutation_group_s4:4","HAS_CODE_EVIDENCE"
"permutation_group_s4","evi:code:permutation_group_s4:5","HAS_CODE_EVIDENCE"
"permutation_group_s4","evi:code:permutation_group_s4:6","HAS_CODE_EVIDENCE"
"unit_cell","evi:code:unit_cell:0","HAS_CODE_EVIDENCE"
"unit_cell","evi:code:unit_cell:1","HAS_CODE_EVIDENCE"
"metric_tensor","evi:code:metric_tensor:0","HAS_CODE_EVIDENCE"
"metric_tensor","evi:code:metric_tensor:1","HAS_CODE_EVIDENCE"
"metric_tensor","evi:code:metric_tensor:2","HAS_CODE_EVIDENCE"
"metric_tensor","evi:code:metric_tensor:3","HAS_CODE_EVIDENCE"
"metric_tensor","evi:code:metric_tensor:4","HAS_CODE_EVIDENCE"
"metric_tensor","evi:code:metric_tensor:5","HAS_CODE_EVIDENCE"
"metric_tensor","evi:code:metric_tensor:6","HAS_CODE_EVIDENCE"
"metric_tensor","evi:code:metric_tensor:7","HAS_CODE_EVIDENCE"
"metric_tensor","evi:code:metric_tensor:8","HAS_CODE_EVIDENCE"
"metric_tensor","evi:code:metric_tensor:9","HAS_CODE_EVIDENCE"
"gram_matrix","evi:code:gram_matrix:0","HAS_CODE_EVIDENCE"
"reciprocal_metric","evi:code:reciprocal_metric:0","HAS_CODE_EVIDENCE"
"d_spacing","evi:code:d_spacing:0","HAS_CODE_EVIDENCE"
"braggs_law","evi:code:braggs_law:0","HAS_CODE_EVIDENCE"
"orthogonalization","evi:code:orthogonalization:0","HAS_CODE_EVIDENCE"
"orthogonalization","evi:code:orthogonalization:1","HAS_CODE_EVIDENCE"
"orthogonalization","evi:code:orthogonalization:2","HAS_CODE_EVIDENCE"
"cell_volume","evi:code:cell_volume:0","HAS_CODE_EVIDENCE"
"cell_volume","evi:code:cell_volume:1","HAS_CODE_EVIDENCE"
"metric_invariance","evi:code:metric_invariance:0","HAS_CODE_EVIDENCE"
"metric_invariance","evi:code:metric_invariance:1","HAS_CODE_EVIDENCE"
"metric_invariance","evi:code:metric_invariance:2","HAS_CODE_EVIDENCE"
"neumanns_principle","evi:code:neumanns_principle:0","HAS_CODE_EVIDENCE"
"reynolds_operator","evi:code:reynolds_operator:0","HAS_CODE_EVIDENCE"
"reynolds_operator","evi:code:reynolds_operator:1","HAS_CODE_EVIDENCE"
"reynolds_operator","evi:code:reynolds_operator:2","HAS_CODE_EVIDENCE"
"projection_operator","evi:code:projection_operator:0","HAS_CODE_EVIDENCE"
"primitive_cell","evi:code:primitive_cell:0","HAS_CODE_EVIDENCE"
"primitive_cell","evi:code:primitive_cell:1","HAS_CODE_EVIDENCE"
"primitive_cell","evi:code:primitive_cell:2","HAS_CODE_EVIDENCE"
"primitive_cell","evi:code:primitive_cell:3","HAS_CODE_EVIDENCE"
"primitive_cell","evi:code:primitive_cell:4","HAS_CODE_EVIDENCE"
"primitive_cell","evi:code:primitive_cell:5","HAS_CODE_EVIDENCE"
"primitive_cell","evi:code:primitive_cell:6","HAS_CODE_EVIDENCE"
"primitive_cell","evi:code:primitive_cell:7","HAS_CODE_EVIDENCE"
"primitive_basis","evi:code:primitive_basis:0","HAS_CODE_EVIDENCE"
"conventional_cell","evi:code:conventional_cell:0","HAS_CODE_EVIDENCE"
"conventional_cell","evi:code:conventional_cell:1","HAS_CODE_EVIDENCE"
"reduced_cell","evi:code:reduced_cell:0","HAS_CODE_EVIDENCE"
"reduced_cell","evi:code:reduced_cell:1","HAS_CODE_EVIDENCE"
"niggli_reduction","evi:code:niggli_reduction:0","HAS_CODE_EVIDENCE"
"niggli_reduction","evi:code:niggli_reduction:1","HAS_CODE_EVIDENCE"
"niggli_reduction","evi:code:niggli_reduction:2","HAS_CODE_EVIDENCE"
"niggli_reduction","evi:code:niggli_reduction:3","HAS_CODE_EVIDENCE"
"niggli_reduction","evi:code:niggli_reduction:4","HAS_CODE_EVIDENCE"
"niggli_reduction","evi:code:niggli_reduction:5","HAS_CODE_EVIDENCE"
"niggli_reduction","evi:code:niggli_reduction:6","HAS_CODE_EVIDENCE"
"delaunay_selling_reduction","evi:code:delaunay_selling_reduction:0","HAS_CODE_EVIDENCE"
"delaunay_selling_reduction","evi:code:delaunay_selling_reduction:1","HAS_CODE_EVIDENCE"
"delaunay_selling_reduction","evi:code:delaunay_selling_reduction:2","HAS_CODE_EVIDENCE"
"obtuse_superbase","evi:code:obtuse_superbase:0","HAS_CODE_EVIDENCE"
"obtuse_superbase","evi:code:obtuse_superbase:1","HAS_CODE_EVIDENCE"
"obtuse_superbase","evi:code:obtuse_superbase:2","HAS_CODE_EVIDENCE"
"obtuse_superbase","evi:code:obtuse_superbase:3","HAS_CODE_EVIDENCE"
"obtuse_superbase","evi:code:obtuse_superbase:4","HAS_CODE_EVIDENCE"
"obtuse_superbase","evi:code:obtuse_superbase:5","HAS_CODE_EVIDENCE"
"obtuse_superbase","evi:code:obtuse_superbase:6","HAS_CODE_EVIDENCE"
"obtuse_superbase","evi:code:obtuse_superbase:7","HAS_CODE_EVIDENCE"
"voronoi_type","evi:code:voronoi_type:0","HAS_CODE_EVIDENCE"
"voronoi_type","evi:code:voronoi_type:1","HAS_CODE_EVIDENCE"
"voronoi_type","evi:code:voronoi_type:2","HAS_CODE_EVIDENCE"
"voronoi_type","evi:code:voronoi_type:3","HAS_CODE_EVIDENCE"
"voronoi_type","evi:code:voronoi_type:4","HAS_CODE_EVIDENCE"
"voronoi_type","evi:code:voronoi_type:5","HAS_CODE_EVIDENCE"
"voronoi_type","evi:code:voronoi_type:6","HAS_CODE_EVIDENCE"
"selling_closure","evi:code:selling_closure:0","HAS_CODE_EVIDENCE"
"selling_closure","evi:code:selling_closure:1","HAS_CODE_EVIDENCE"
"selling_closure","evi:code:selling_closure:2","HAS_CODE_EVIDENCE"
"selling_closure","evi:code:selling_closure:3","HAS_CODE_EVIDENCE"
"selling_closure","evi:code:selling_closure:4","HAS_CODE_EVIDENCE"
"selling_closure","evi:code:selling_closure:5","HAS_CODE_EVIDENCE"
"selling_closure","evi:code:selling_closure:6","HAS_CODE_EVIDENCE"
"selling_closure","evi:code:selling_closure:7","HAS_CODE_EVIDENCE"
"selling_closure","evi:code:selling_closure:8","HAS_CODE_EVIDENCE"
"selling_closure","evi:code:selling_closure:9","HAS_CODE_EVIDENCE"
"selling_closure","evi:code:selling_closure:10","HAS_CODE_EVIDENCE"
"selling_closure","evi:code:selling_closure:11","HAS_CODE_EVIDENCE"
"selling_closure","evi:code:selling_closure:12","HAS_CODE_EVIDENCE"
"selling_closure","evi:code:selling_closure:13","HAS_CODE_EVIDENCE"
"selling_closure","evi:code:selling_closure:14","HAS_CODE_EVIDENCE"
"selling_closure","evi:code:selling_closure:15","HAS_CODE_EVIDENCE"
"kurlin_root_form","evi:code:kurlin_root_form:0","HAS_CODE_EVIDENCE"
"kurlin_root_form","evi:code:kurlin_root_form:1","HAS_CODE_EVIDENCE"
"kurlin_root_form","evi:code:kurlin_root_form:2","HAS_CODE_EVIDENCE"
"kurlin_root_form","evi:code:kurlin_root_form:3","HAS_CODE_EVIDENCE"
"kurlin_root_form","evi:code:kurlin_root_form:4","HAS_CODE_EVIDENCE"
"kurlin_root_form","evi:code:kurlin_root_form:5","HAS_CODE_EVIDENCE"
"kurlin_root_form","evi:code:kurlin_root_form:6","HAS_CODE_EVIDENCE"
"kurlin_root_form","evi:code:kurlin_root_form:7","HAS_CODE_EVIDENCE"
"kurlin_root_form","evi:code:kurlin_root_form:8","HAS_CODE_EVIDENCE"
"kurlin_root_form","evi:code:kurlin_root_form:9","HAS_CODE_EVIDENCE"
"kurlin_root_form","evi:code:kurlin_root_form:10","HAS_CODE_EVIDENCE"
"kurlin_root_form","evi:code:kurlin_root_form:11","HAS_CODE_EVIDENCE"
"kurlin_root_form","evi:code:kurlin_root_form:12","HAS_CODE_EVIDENCE"
"kurlin_root_form","evi:code:kurlin_root_form:13","HAS_CODE_EVIDENCE"
"kurlin_root_form","evi:code:kurlin_root_form:14","HAS_CODE_EVIDENCE"
"rearrangement_inequality","evi:code:rearrangement_inequality:0","HAS_CODE_EVIDENCE"
"rearrangement_inequality","evi:code:rearrangement_inequality:1","HAS_CODE_EVIDENCE"
"similarity_invariant","evi:code:similarity_invariant:0","HAS_CODE_EVIDENCE"
"similarity_invariant","evi:code:similarity_invariant:1","HAS_CODE_EVIDENCE"
"similarity_invariant","evi:code:similarity_invariant:2","HAS_CODE_EVIDENCE"
"similarity_invariant","evi:code:similarity_invariant:3","HAS_CODE_EVIDENCE"
"similarity_invariant","evi:code:similarity_invariant:4","HAS_CODE_EVIDENCE"
"similarity_invariant","evi:code:similarity_invariant:5","HAS_CODE_EVIDENCE"
"similarity_invariant","evi:code:similarity_invariant:6","HAS_CODE_EVIDENCE"
"lattice_space","evi:code:lattice_space:0","HAS_CODE_EVIDENCE"
"lattice_space","evi:code:lattice_space:1","HAS_CODE_EVIDENCE"
"lattice_space","evi:code:lattice_space:2","HAS_CODE_EVIDENCE"
"g6_s6_embedding","evi:code:g6_s6_embedding:0","HAS_CODE_EVIDENCE"
"g6_s6_embedding","evi:code:g6_s6_embedding:1","HAS_CODE_EVIDENCE"
"g6_s6_embedding","evi:code:g6_s6_embedding:2","HAS_CODE_EVIDENCE"
"g6_s6_embedding","evi:code:g6_s6_embedding:3","HAS_CODE_EVIDENCE"
"g6_s6_embedding","evi:code:g6_s6_embedding:4","HAS_CODE_EVIDENCE"
"symmetry_deficiency","evi:code:symmetry_deficiency:0","HAS_CODE_EVIDENCE"
"symmetry_deficiency","evi:code:symmetry_deficiency:1","HAS_CODE_EVIDENCE"
"symmetry_deficiency","evi:code:symmetry_deficiency:2","HAS_CODE_EVIDENCE"
"symmetry_deficiency","evi:code:symmetry_deficiency:3","HAS_CODE_EVIDENCE"
"symmetry_deficiency","evi:code:symmetry_deficiency:4","HAS_CODE_EVIDENCE"
"pseudosymmetry","evi:code:pseudosymmetry:0","HAS_CODE_EVIDENCE"
"pseudosymmetry","evi:code:pseudosymmetry:1","HAS_CODE_EVIDENCE"
"lattice_symmetry_determination","evi:code:lattice_symmetry_determination:0","HAS_CODE_EVIDENCE"
"lattice_symmetry_determination","evi:code:lattice_symmetry_determination:1","HAS_CODE_EVIDENCE"
"lattice_symmetry_determination","evi:code:lattice_symmetry_determination:2","HAS_CODE_EVIDENCE"
"lattice_symmetry_determination","evi:code:lattice_symmetry_determination:3","HAS_CODE_EVIDENCE"
"lattice_symmetry_determination","evi:code:lattice_symmetry_determination:4","HAS_CODE_EVIDENCE"
"lattice_symmetry_determination","evi:code:lattice_symmetry_determination:5","HAS_CODE_EVIDENCE"
"lattice_symmetry_determination","evi:code:lattice_symmetry_determination:6","HAS_CODE_EVIDENCE"
"lattice_symmetry_determination","evi:code:lattice_symmetry_determination:7","HAS_CODE_EVIDENCE"
"lattice_symmetry_determination","evi:code:lattice_symmetry_determination:8","HAS_CODE_EVIDENCE"
"cell_comparison","evi:code:cell_comparison:0","HAS_CODE_EVIDENCE"
"cell_comparison","evi:code:cell_comparison:1","HAS_CODE_EVIDENCE"
"cell_comparison","evi:code:cell_comparison:2","HAS_CODE_EVIDENCE"
"sublattice","evi:code:sublattice:0","HAS_CODE_EVIDENCE"
"sublattice","evi:code:sublattice:1","HAS_CODE_EVIDENCE"
"sublattice","evi:code:sublattice:2","HAS_CODE_EVIDENCE"
"sublattice","evi:code:sublattice:3","HAS_CODE_EVIDENCE"
"sublattice","evi:code:sublattice:4","HAS_CODE_EVIDENCE"
"saturated_sublattice","evi:code:saturated_sublattice:0","HAS_CODE_EVIDENCE"
"saturated_sublattice","evi:code:saturated_sublattice:1","HAS_CODE_EVIDENCE"
"dual_lattice","evi:code:dual_lattice:0","HAS_CODE_EVIDENCE"
"dual_basis","evi:code:dual_basis:0","HAS_CODE_EVIDENCE"
"reindexing","evi:code:reindexing:0","HAS_CODE_EVIDENCE"
"reindexing","evi:code:reindexing:1","HAS_CODE_EVIDENCE"
"reindexing","evi:code:reindexing:2","HAS_CODE_EVIDENCE"
"reindexing","evi:code:reindexing:3","HAS_CODE_EVIDENCE"
"reindexing","evi:code:reindexing:4","HAS_CODE_EVIDENCE"
"reindexing","evi:code:reindexing:5","HAS_CODE_EVIDENCE"
"reindexing","evi:code:reindexing:6","HAS_CODE_EVIDENCE"
"reindexing","evi:code:reindexing:7","HAS_CODE_EVIDENCE"
"reindexing","evi:code:reindexing:8","HAS_CODE_EVIDENCE"
"reindexing","evi:code:reindexing:9","HAS_CODE_EVIDENCE"
"reindexing","evi:code:reindexing:10","HAS_CODE_EVIDENCE"
"reindexing","evi:code:reindexing:11","HAS_CODE_EVIDENCE"
"reindexing","evi:code:reindexing:12","HAS_CODE_EVIDENCE"
"reindexing","evi:code:reindexing:13","HAS_CODE_EVIDENCE"
"reindexing","evi:code:reindexing:14","HAS_CODE_EVIDENCE"
"reindexing","evi:code:reindexing:15","HAS_CODE_EVIDENCE"
"indexing_ambiguity","evi:code:indexing_ambiguity:0","HAS_CODE_EVIDENCE"
"indexing_ambiguity","evi:code:indexing_ambiguity:1","HAS_CODE_EVIDENCE"
"indexing_ambiguity","evi:code:indexing_ambiguity:2","HAS_CODE_EVIDENCE"
"indexing_ambiguity","evi:code:indexing_ambiguity:3","HAS_CODE_EVIDENCE"
"indexing_ambiguity","evi:code:indexing_ambiguity:4","HAS_CODE_EVIDENCE"
"indexing_ambiguity","evi:code:indexing_ambiguity:5","HAS_CODE_EVIDENCE"
"indexing_ambiguity","evi:code:indexing_ambiguity:6","HAS_CODE_EVIDENCE"
"indexing_ambiguity","evi:code:indexing_ambiguity:7","HAS_CODE_EVIDENCE"
"indexing_ambiguity","evi:code:indexing_ambiguity:8","HAS_CODE_EVIDENCE"
"twinning_merohedry","evi:code:twinning_merohedry:0","HAS_CODE_EVIDENCE"
"twinning_merohedry","evi:code:twinning_merohedry:1","HAS_CODE_EVIDENCE"
"deformation_manifold","evi:code:deformation_manifold:0","HAS_CODE_EVIDENCE"
"deformation_manifold","evi:code:deformation_manifold:1","HAS_CODE_EVIDENCE"
"deformation_manifold","evi:code:deformation_manifold:2","HAS_CODE_EVIDENCE"
"deformation_manifold","evi:code:deformation_manifold:3","HAS_CODE_EVIDENCE"
"deformation_manifold","evi:code:deformation_manifold:4","HAS_CODE_EVIDENCE"
"deformation_manifold","evi:code:deformation_manifold:5","HAS_CODE_EVIDENCE"
"deformation_manifold","evi:code:deformation_manifold:6","HAS_CODE_EVIDENCE"
"space_group_identification","evi:code:space_group_identification:0","HAS_CODE_EVIDENCE"
"space_group_identification","evi:code:space_group_identification:1","HAS_CODE_EVIDENCE"
"space_group_identification","evi:code:space_group_identification:2","HAS_CODE_EVIDENCE"
"space_group_identification","evi:code:space_group_identification:3","HAS_CODE_EVIDENCE"
"space_group_identification","evi:code:space_group_identification:4","HAS_CODE_EVIDENCE"
"space_group_identification","evi:code:space_group_identification:5","HAS_CODE_EVIDENCE"
"selling_settings","evi:code:selling_settings:0","HAS_CODE_EVIDENCE"
"selling_settings","evi:code:selling_settings:1","HAS_CODE_EVIDENCE"
"selling_settings","evi:code:selling_settings:2","HAS_CODE_EVIDENCE"
"selling_settings","evi:code:selling_settings:3","HAS_CODE_EVIDENCE"
"selling_settings","evi:code:selling_settings:4","HAS_CODE_EVIDENCE"
"nearest_neighbour_search","evi:code:nearest_neighbour_search:0","HAS_CODE_EVIDENCE"
"nearest_neighbour_search","evi:code:nearest_neighbour_search:1","HAS_CODE_EVIDENCE"
"nearest_neighbour_search","evi:code:nearest_neighbour_search:2","HAS_CODE_EVIDENCE"
"kd_tree","evi:code:kd_tree:0","HAS_CODE_EVIDENCE"
"kd_tree","evi:code:kd_tree:1","HAS_CODE_EVIDENCE"
"kd_tree","evi:code:kd_tree:2","HAS_CODE_EVIDENCE"
"kd_tree","evi:code:kd_tree:3","HAS_CODE_EVIDENCE"
"neartree","evi:code:neartree:0","HAS_CODE_EVIDENCE"
"neartree","evi:code:neartree:1","HAS_CODE_EVIDENCE"
"neartree","evi:code:neartree:2","HAS_CODE_EVIDENCE"
"metric_space","evi:code:metric_space:0","HAS_CODE_EVIDENCE"
"euclidean_distance","evi:code:euclidean_distance:0","HAS_CODE_EVIDENCE"
"euclidean_distance","evi:code:euclidean_distance:1","HAS_CODE_EVIDENCE"
"euclidean_distance","evi:code:euclidean_distance:2","HAS_CODE_EVIDENCE"
"euclidean_distance","evi:code:euclidean_distance:3","HAS_CODE_EVIDENCE"
"euclidean_distance","evi:code:euclidean_distance:4","HAS_CODE_EVIDENCE"
"knn_graph","evi:code:knn_graph:0","HAS_CODE_EVIDENCE"
"dijkstra","evi:code:dijkstra:0","HAS_CODE_EVIDENCE"
"graph_laplacian","evi:code:graph_laplacian:0","HAS_CODE_EVIDENCE"
"farthest_point_sampling","evi:code:farthest_point_sampling:0","HAS_CODE_EVIDENCE"
"pearson_correlation","evi:code:pearson_correlation:0","HAS_CODE_EVIDENCE"
"pearson_correlation","evi:code:pearson_correlation:1","HAS_CODE_EVIDENCE"
"svd_pca","evi:code:svd_pca:0","HAS_CODE_EVIDENCE"
"svd_pca","evi:code:svd_pca:1","HAS_CODE_EVIDENCE"
"svd_pca","evi:code:svd_pca:2","HAS_CODE_EVIDENCE"
"svd_pca","evi:code:svd_pca:3","HAS_CODE_EVIDENCE"
"svd_pca","evi:code:svd_pca:4","HAS_CODE_EVIDENCE"
"convex_hull","evi:code:convex_hull:0","HAS_CODE_EVIDENCE"
"floating_point_tolerance","evi:code:floating_point_tolerance:0","HAS_CODE_EVIDENCE"
"floating_point_tolerance","evi:code:floating_point_tolerance:1","HAS_CODE_EVIDENCE"
"floating_point_tolerance","evi:code:floating_point_tolerance:2","HAS_CODE_EVIDENCE"
"floating_point_tolerance","evi:code:floating_point_tolerance:3","HAS_CODE_EVIDENCE"
"floating_point_tolerance","evi:code:floating_point_tolerance:4","HAS_CODE_EVIDENCE"
"torus_distance","evi:code:torus_distance:0","HAS_CODE_EVIDENCE"
"torus_distance","evi:code:torus_distance:1","HAS_CODE_EVIDENCE"
"exact_rational_arithmetic","evi:code:exact_rational_arithmetic:0","HAS_CODE_EVIDENCE"
"exact_rational_arithmetic","evi:code:exact_rational_arithmetic:1","HAS_CODE_EVIDENCE"
"determinant","evi:code:determinant:0","HAS_CODE_EVIDENCE"
"determinant","evi:code:determinant:1","HAS_CODE_EVIDENCE"
"determinant","evi:code:determinant:2","HAS_CODE_EVIDENCE"
"determinant","evi:code:determinant:3","HAS_CODE_EVIDENCE"
"matrix_inverse","evi:code:matrix_inverse:0","HAS_CODE_EVIDENCE"
"matrix_inverse","evi:code:matrix_inverse:1","HAS_CODE_EVIDENCE"
"matrix_inverse","evi:code:matrix_inverse:2","HAS_CODE_EVIDENCE"
"gaussian_elimination","evi:code:gaussian_elimination:0","HAS_CODE_EVIDENCE"
"gaussian_elimination","evi:code:gaussian_elimination:1","HAS_CODE_EVIDENCE"
"gaussian_elimination","evi:code:gaussian_elimination:2","HAS_CODE_EVIDENCE"
"gaussian_elimination","evi:code:gaussian_elimination:3","HAS_CODE_EVIDENCE"
"rational_linear_solve","evi:code:rational_linear_solve:0","HAS_CODE_EVIDENCE"
"rational_linear_solve","evi:code:rational_linear_solve:1","HAS_CODE_EVIDENCE"
"rational_linear_solve","evi:code:rational_linear_solve:2","HAS_CODE_EVIDENCE"
"kernel_nullspace","evi:code:kernel_nullspace:0","HAS_CODE_EVIDENCE"
"kernel_nullspace","evi:code:kernel_nullspace:1","HAS_CODE_EVIDENCE"
"kernel_nullspace","evi:code:kernel_nullspace:2","HAS_CODE_EVIDENCE"
"left_nullspace","evi:code:left_nullspace:0","HAS_CODE_EVIDENCE"
"matrix_rank","evi:code:matrix_rank:0","HAS_CODE_EVIDENCE"
"matrix_rank","evi:code:matrix_rank:1","HAS_CODE_EVIDENCE"
"affine_subspace","evi:code:affine_subspace:0","HAS_CODE_EVIDENCE"
"affine_subspace","evi:code:affine_subspace:1","HAS_CODE_EVIDENCE"
"affine_transformation","evi:code:affine_transformation:0","HAS_CODE_EVIDENCE"
"affine_transformation","evi:code:affine_transformation:1","HAS_CODE_EVIDENCE"
"eigenvalue_symmetric","evi:code:eigenvalue_symmetric:0","HAS_CODE_EVIDENCE"
"eigenvalue_symmetric","evi:code:eigenvalue_symmetric:1","HAS_CODE_EVIDENCE"
"eigenvalue_symmetric","evi:code:eigenvalue_symmetric:2","HAS_CODE_EVIDENCE"
"eigenvector","evi:code:eigenvector:0","HAS_CODE_EVIDENCE"
"unimodular_matrix","evi:code:unimodular_matrix:0","HAS_CODE_EVIDENCE"
"unimodular_matrix","evi:code:unimodular_matrix:1","HAS_CODE_EVIDENCE"
"unimodular_matrix","evi:code:unimodular_matrix:2","HAS_CODE_EVIDENCE"
"unimodular_matrix","evi:code:unimodular_matrix:3","HAS_CODE_EVIDENCE"
"unimodular_matrix","evi:code:unimodular_matrix:4","HAS_CODE_EVIDENCE"
"unimodular_matrix","evi:code:unimodular_matrix:5","HAS_CODE_EVIDENCE"
"hermite_normal_form","evi:code:hermite_normal_form:0","HAS_CODE_EVIDENCE"
"hermite_normal_form","evi:code:hermite_normal_form:1","HAS_CODE_EVIDENCE"
"hermite_normal_form","evi:code:hermite_normal_form:2","HAS_CODE_EVIDENCE"
"smith_normal_form","evi:code:smith_normal_form:0","HAS_CODE_EVIDENCE"
"smith_normal_form","evi:code:smith_normal_form:1","HAS_CODE_EVIDENCE"
"finitely_generated_abelian_group","evi:code:finitely_generated_abelian_group:0","HAS_CODE_EVIDENCE"
"linear_congruence","evi:code:linear_congruence:0","HAS_CODE_EVIDENCE"
"linear_congruence","evi:code:linear_congruence:1","HAS_CODE_EVIDENCE"
"linear_congruence","evi:code:linear_congruence:2","HAS_CODE_EVIDENCE"
"linear_congruence","evi:code:linear_congruence:3","HAS_CODE_EVIDENCE"
"linear_congruence","evi:code:linear_congruence:4","HAS_CODE_EVIDENCE"
"modular_arithmetic","evi:code:modular_arithmetic:0","HAS_CODE_EVIDENCE"
"modular_arithmetic","evi:code:modular_arithmetic:1","HAS_CODE_EVIDENCE"
"modular_arithmetic","evi:code:modular_arithmetic:2","HAS_CODE_EVIDENCE"
"modular_arithmetic","evi:code:modular_arithmetic:3","HAS_CODE_EVIDENCE"
"modular_arithmetic","evi:code:modular_arithmetic:4","HAS_CODE_EVIDENCE"
"gcd_lcm","evi:code:gcd_lcm:0","HAS_CODE_EVIDENCE"
"gcd_lcm","evi:code:gcd_lcm:1","HAS_CODE_EVIDENCE"
"matrix_order","evi:code:matrix_order:0","HAS_CODE_EVIDENCE"
"matrix_order","evi:code:matrix_order:1","HAS_CODE_EVIDENCE"
"ita_graphical_symbols","evi:code:ita_graphical_symbols:0","HAS_CODE_EVIDENCE"
"ita_graphical_symbols","evi:code:ita_graphical_symbols:1","HAS_CODE_EVIDENCE"
"ita_graphical_symbols","evi:code:ita_graphical_symbols:2","HAS_CODE_EVIDENCE"
"ita_graphical_symbols","evi:code:ita_graphical_symbols:3","HAS_CODE_EVIDENCE"
"ita_graphical_symbols","evi:code:ita_graphical_symbols:4","HAS_CODE_EVIDENCE"
"ita_height_label","evi:code:ita_height_label:0","HAS_CODE_EVIDENCE"
"ita_height_label","evi:code:ita_height_label:1","HAS_CODE_EVIDENCE"
"coordination_polyhedron","evi:code:coordination_polyhedron:0","HAS_CODE_EVIDENCE"
"coordination_polyhedron","evi:code:coordination_polyhedron:1","HAS_CODE_EVIDENCE"
"projection_convention","evi:code:projection_convention:0","HAS_CODE_EVIDENCE"
"projection_convention","evi:code:projection_convention:1","HAS_CODE_EVIDENCE"
"projection_convention","evi:code:projection_convention:2","HAS_CODE_EVIDENCE"
"glide_a","evi:code:glide_a:0","HAS_CODE_EVIDENCE"
"glide_a","evi:code:glide_a:1","HAS_CODE_EVIDENCE"
"glide_b","evi:code:glide_b:0","HAS_CODE_EVIDENCE"
"glide_b","evi:code:glide_b:1","HAS_CODE_EVIDENCE"
"glide_c","evi:code:glide_c:0","HAS_CODE_EVIDENCE"
"glide_c","evi:code:glide_c:1","HAS_CODE_EVIDENCE"
"glide_n","evi:code:glide_n:0","HAS_CODE_EVIDENCE"
"glide_n","evi:code:glide_n:1","HAS_CODE_EVIDENCE"
"glide_d","evi:code:glide_d:0","HAS_CODE_EVIDENCE"
"glide_d","evi:code:glide_d:1","HAS_CODE_EVIDENCE"
"glide_e","evi:code:glide_e:0","HAS_CODE_EVIDENCE"
"glide_e","evi:code:glide_e:1","HAS_CODE_EVIDENCE"
"screw_21","evi:code:screw_21:0","HAS_CODE_EVIDENCE"
"screw_21","evi:code:screw_21:1","HAS_CODE_EVIDENCE"
"screw_31","evi:code:screw_31:0","HAS_CODE_EVIDENCE"
"screw_31","evi:code:screw_31:1","HAS_CODE_EVIDENCE"
"screw_32","evi:code:screw_32:0","HAS_CODE_EVIDENCE"
"screw_32","evi:code:screw_32:1","HAS_CODE_EVIDENCE"
"screw_41","evi:code:screw_41:0","HAS_CODE_EVIDENCE"
"screw_41","evi:code:screw_41:1","HAS_CODE_EVIDENCE"
"screw_42","evi:code:screw_42:0","HAS_CODE_EVIDENCE"
"screw_42","evi:code:screw_42:1","HAS_CODE_EVIDENCE"
"screw_43","evi:code:screw_43:0","HAS_CODE_EVIDENCE"
"screw_43","evi:code:screw_43:1","HAS_CODE_EVIDENCE"
"screw_6","evi:code:screw_6:0","HAS_CODE_EVIDENCE"
"screw_6","evi:code:screw_6:1","HAS_CODE_EVIDENCE"
"chiral_space_group","evi:code:chiral_space_group:0","HAS_CODE_EVIDENCE"
"symmorphic_space_group","evi:code:symmorphic_space_group:0","HAS_CODE_EVIDENCE"
"symmorphic_space_group","evi:code:symmorphic_space_group:1","HAS_CODE_EVIDENCE"
"nonsymmorphic_space_group","evi:code:nonsymmorphic_space_group:0","HAS_CODE_EVIDENCE"
"nonsymmorphic_space_group","evi:code:nonsymmorphic_space_group:1","HAS_CODE_EVIDENCE"
"geometric_crystal_class","evi:code:geometric_crystal_class:0","HAS_CODE_EVIDENCE"
"arithmetic_crystal_class","evi:code:arithmetic_crystal_class:0","HAS_CODE_EVIDENCE"
"arithmetic_crystal_class","evi:code:arithmetic_crystal_class:1","HAS_CODE_EVIDENCE"
"bravais_class","evi:code:bravais_class:0","HAS_CODE_EVIDENCE"
"bravais_class","evi:code:bravais_class:1","HAS_CODE_EVIDENCE"
"wilson_statistics","evi:code:wilson_statistics:0","HAS_CODE_EVIDENCE"
"wilson_statistics","evi:code:wilson_statistics:1","HAS_CODE_EVIDENCE"
"tolerance_gated_matching","evi:code:tolerance_gated_matching:0","HAS_CODE_EVIDENCE"
"tolerance_gated_matching","evi:code:tolerance_gated_matching:1","HAS_CODE_EVIDENCE"
"tolerance_gated_matching","evi:code:tolerance_gated_matching:2","HAS_CODE_EVIDENCE"
"tolerance_gated_matching","evi:code:tolerance_gated_matching:3","HAS_CODE_EVIDENCE"
"tolerance_gated_matching","evi:code:tolerance_gated_matching:4","HAS_CODE_EVIDENCE"
"tolerance_gated_matching","evi:code:tolerance_gated_matching:5","HAS_CODE_EVIDENCE"
"tolerance_gated_matching","evi:code:tolerance_gated_matching:6","HAS_CODE_EVIDENCE"
"tolerance_gated_matching","evi:code:tolerance_gated_matching:7","HAS_CODE_EVIDENCE"
"tolerance_gated_matching","evi:code:tolerance_gated_matching:8","HAS_CODE_EVIDENCE"
"tolerance_gated_matching","evi:code:tolerance_gated_matching:9","HAS_CODE_EVIDENCE"
"tolerance_gated_matching","evi:code:tolerance_gated_matching:10","HAS_CODE_EVIDENCE"
"tolerance_gated_matching","evi:code:tolerance_gated_matching:11","HAS_CODE_EVIDENCE"
"tolerance_gated_matching","evi:code:tolerance_gated_matching:12","HAS_CODE_EVIDENCE"
"site_symmetry_stratum","evi:code:site_symmetry_stratum:0","HAS_CODE_EVIDENCE"
"site_symmetry_stratum","evi:code:site_symmetry_stratum:1","HAS_CODE_EVIDENCE"
"twinning_pseudomerohedry","evi:code:twinning_pseudomerohedry:0","HAS_CODE_EVIDENCE"
"twinning_pseudomerohedry","evi:code:twinning_pseudomerohedry:1","HAS_CODE_EVIDENCE"
"twinning_reticular_merohedry","evi:code:twinning_reticular_merohedry:0","HAS_CODE_EVIDENCE"
"twin_index","evi:code:twin_index:0","HAS_CODE_EVIDENCE"
"twin_obliquity","evi:code:twin_obliquity:0","HAS_CODE_EVIDENCE"
"twin_lattice","evi:code:twin_lattice:0","HAS_CODE_EVIDENCE"
"crystfel_stream","evi:code:crystfel_stream:0","HAS_CODE_EVIDENCE"
"crystfel_stream","evi:code:crystfel_stream:1","HAS_CODE_EVIDENCE"
"crystfel_stream","evi:code:crystfel_stream:2","HAS_CODE_EVIDENCE"
"indexed_cell_distribution","evi:code:indexed_cell_distribution:0","HAS_CODE_EVIDENCE"
"indexed_cell_distribution","evi:code:indexed_cell_distribution:1","HAS_CODE_EVIDENCE"
"reference_orbit","evi:code:reference_orbit:0","HAS_CODE_EVIDENCE"
"reference_orbit","evi:code:reference_orbit:1","HAS_CODE_EVIDENCE"
"reference_orbit","evi:code:reference_orbit:2","HAS_CODE_EVIDENCE"
"reference_orbit","evi:code:reference_orbit:3","HAS_CODE_EVIDENCE"
"reference_orbit","evi:code:reference_orbit:4","HAS_CODE_EVIDENCE"
"reference_orbit","evi:code:reference_orbit:5","HAS_CODE_EVIDENCE"
"reference_orbit","evi:code:reference_orbit:6","HAS_CODE_EVIDENCE"
"pdb_lattice_search","evi:code:pdb_lattice_search:0","HAS_CODE_EVIDENCE"
"pdb_lattice_search","evi:code:pdb_lattice_search:1","HAS_CODE_EVIDENCE"
"pdb_lattice_search","evi:code:pdb_lattice_search:2","HAS_CODE_EVIDENCE"
"pdb_lattice_search","evi:code:pdb_lattice_search:3","HAS_CODE_EVIDENCE"
"k_subgroup_iia","evi:code:k_subgroup_iia:0","HAS_CODE_EVIDENCE"
"k_subgroup_iib","evi:code:k_subgroup_iib:0","HAS_CODE_EVIDENCE"
"numeric_gate","evi:code:numeric_gate:0","HAS_CODE_EVIDENCE"
"numeric_gate","evi:code:numeric_gate:1","HAS_CODE_EVIDENCE"
"numeric_gate","evi:code:numeric_gate:2","HAS_CODE_EVIDENCE"
"numeric_gate","evi:code:numeric_gate:3","HAS_CODE_EVIDENCE"
"numeric_gate","evi:code:numeric_gate:4","HAS_CODE_EVIDENCE"
"numeric_gate","evi:code:numeric_gate:5","HAS_CODE_EVIDENCE"
"numeric_gate","evi:code:numeric_gate:6","HAS_CODE_EVIDENCE"
"numeric_gate","evi:code:numeric_gate:7","HAS_CODE_EVIDENCE"
"numeric_gate","evi:code:numeric_gate:8","HAS_CODE_EVIDENCE"
"numeric_gate","evi:code:numeric_gate:9","HAS_CODE_EVIDENCE"
"numeric_gate","evi:code:numeric_gate:10","HAS_CODE_EVIDENCE"
"numeric_gate","evi:code:numeric_gate:11","HAS_CODE_EVIDENCE"
"numeric_gate","evi:code:numeric_gate:12","HAS_CODE_EVIDENCE"
"numeric_gate","evi:code:numeric_gate:13","HAS_CODE_EVIDENCE"
"numeric_gate","evi:code:numeric_gate:14","HAS_CODE_EVIDENCE"
"numeric_gate","evi:code:numeric_gate:15","HAS_CODE_EVIDENCE"
"numeric_gate","evi:code:numeric_gate:16","HAS_CODE_EVIDENCE"
"numeric_gate","evi:code:numeric_gate:17","HAS_CODE_EVIDENCE"
"numeric_gate","evi:code:numeric_gate:18","HAS_CODE_EVIDENCE"
"numeric_gate","evi:code:numeric_gate:19","HAS_CODE_EVIDENCE"
"numeric_gate","evi:code:numeric_gate:20","HAS_CODE_EVIDENCE"
"numeric_gate","evi:code:numeric_gate:21","HAS_CODE_EVIDENCE"
"numeric_gate","evi:code:numeric_gate:22","HAS_CODE_EVIDENCE"
"numeric_gate","evi:code:numeric_gate:23","HAS_CODE_EVIDENCE"
"numeric_gate","evi:code:numeric_gate:24","HAS_CODE_EVIDENCE"
"numeric_gate","evi:code:numeric_gate:25","HAS_CODE_EVIDENCE"
"numeric_gate","evi:code:numeric_gate:26","HAS_CODE_EVIDENCE"
"numeric_gate","evi:code:numeric_gate:27","HAS_CODE_EVIDENCE"
"conorm_noise_floor","evi:code:conorm_noise_floor:0","HAS_CODE_EVIDENCE"
"conorm_noise_floor","evi:code:conorm_noise_floor:1","HAS_CODE_EVIDENCE"
"conorm_noise_floor","evi:code:conorm_noise_floor:2","HAS_CODE_EVIDENCE"
"conorm_noise_floor","evi:code:conorm_noise_floor:3","HAS_CODE_EVIDENCE"
