":START_ID(Concept)",":END_ID(Concept)",":TYPE","receipt"
"space_group","symmetry_operation","USES","ent:rel:space_group:USES:symmetry_operation"
"space_group","group_closure","USES","ent:rel:space_group:USES:group_closure"
"space_group","hall_symbol","DEFINED_BY","ent:rel:space_group:DEFINED_BY:hall_symbol"
"space_group","group_theory","PART_OF","ent:rel:space_group:PART_OF:group_theory"
"symmetry_operation","affine_transformation","IS_A","ent:rel:symmetry_operation:IS_A:affine_transformation"
"symmetry_operation","exact_rational_arithmetic","USES","ent:rel:symmetry_operation:USES:exact_rational_arithmetic"
"symmetry_operation","space_group","PART_OF","ent:rel:symmetry_operation:PART_OF:space_group"
"point_group","space_group","PART_OF","ent:rel:point_group:PART_OF:space_group"
"point_group","group_theory","IS_A","ent:rel:point_group:IS_A:group_theory"
"point_group","crystallographic_restriction","RELATED_TO","ent:rel:point_group:RELATED_TO:crystallographic_restriction"
"laue_class","point_group","SPECIALIZES","ent:rel:laue_class:SPECIALIZES:point_group"
"laue_class","friedel_law","USES","ent:rel:laue_class:USES:friedel_law"
"laue_class","inversion_centre","USES","ent:rel:laue_class:USES:inversion_centre"
"holohedry","point_group","SPECIALIZES","ent:rel:holohedry:SPECIALIZES:point_group"
"holohedry","metric_tensor","USES","ent:rel:holohedry:USES:metric_tensor"
"holohedry","lattice_symmetry_determination","USES","ent:rel:holohedry:USES:lattice_symmetry_determination"
"centrosymmetry","symmetry_element","IS_A","ent:rel:centrosymmetry:IS_A:symmetry_element"
"inversion_centre","symmetry_operation","IS_A","ent:rel:inversion_centre:IS_A:symmetry_operation"
"inversion_centre","centrosymmetry","EQUIVALENT_TO","ent:rel:inversion_centre:EQUIVALENT_TO:centrosymmetry"
"group_closure","group_theory","PART_OF","ent:rel:group_closure:PART_OF:group_theory"
"group_closure","symmetry_operation","USES","ent:rel:group_closure:USES:symmetry_operation"
"group_closure","generators_of_a_group","USES","ent:rel:group_closure:USES:generators_of_a_group"
"generators_of_a_group","group_theory","PART_OF","ent:rel:generators_of_a_group:PART_OF:group_theory"
"generators_of_a_group","hall_symbol","RELATED_TO","ent:rel:generators_of_a_group:RELATED_TO:hall_symbol"
"hall_symbol","hermann_mauguin_symbol","RELATED_TO","ent:rel:hall_symbol:RELATED_TO:hermann_mauguin_symbol"
"hall_symbol","lattice_centring","USES","ent:rel:hall_symbol:USES:lattice_centring"
"hall_symbol","origin_shift","USES","ent:rel:hall_symbol:USES:origin_shift"
"hermann_mauguin_symbol","hall_symbol","RELATED_TO","ent:rel:hermann_mauguin_symbol:RELATED_TO:hall_symbol"
"hermann_mauguin_symbol","ita_setting","RELATED_TO","ent:rel:hermann_mauguin_symbol:RELATED_TO:ita_setting"
"ita_setting","change_of_basis","USES","ent:rel:ita_setting:USES:change_of_basis"
"ita_setting","origin_shift","USES","ent:rel:ita_setting:USES:origin_shift"
"ita_setting","conventional_cell","RELATED_TO","ent:rel:ita_setting:RELATED_TO:conventional_cell"
"extended_setting_notation","change_of_basis","USES","ent:rel:extended_setting_notation:USES:change_of_basis"
"extended_setting_notation","lattice_centring","USES","ent:rel:extended_setting_notation:USES:lattice_centring"
"extended_setting_notation","group_closure","USES","ent:rel:extended_setting_notation:USES:group_closure"
"change_of_basis","matrix_inverse","USES","ent:rel:change_of_basis:USES:matrix_inverse"
"change_of_basis","unimodular_matrix","USES","ent:rel:change_of_basis:USES:unimodular_matrix"
"change_of_basis","reindexing","RELATED_TO","ent:rel:change_of_basis:RELATED_TO:reindexing"
"change_of_basis","covariance_contravariance","RELATED_TO","ent:rel:change_of_basis:RELATED_TO:covariance_contravariance"
"covariance_contravariance","dual_basis","RELATED_TO","ent:rel:covariance_contravariance:RELATED_TO:dual_basis"
"covariance_contravariance","change_of_basis","PART_OF","ent:rel:covariance_contravariance:PART_OF:change_of_basis"
"origin_shift","change_of_basis","PART_OF","ent:rel:origin_shift:PART_OF:change_of_basis"
"origin_shift","allowed_origins","RELATED_TO","ent:rel:origin_shift:RELATED_TO:allowed_origins"
"origin_shift","conjugation","USES","ent:rel:origin_shift:USES:conjugation"
"conjugation","group_theory","PART_OF","ent:rel:conjugation:PART_OF:group_theory"
"conjugation","matrix_inverse","USES","ent:rel:conjugation:USES:matrix_inverse"
"lattice_centring","bravais_lattice","PART_OF","ent:rel:lattice_centring:PART_OF:bravais_lattice"
"lattice_centring","integral_reflection_conditions","RELATED_TO","ent:rel:lattice_centring:RELATED_TO:integral_reflection_conditions"
"lattice_centring","primitive_cell","RELATED_TO","ent:rel:lattice_centring:RELATED_TO:primitive_cell"
"bravais_lattice","lattice_centring","USES","ent:rel:bravais_lattice:USES:lattice_centring"
"bravais_lattice","holohedry","USES","ent:rel:bravais_lattice:USES:holohedry"
"bravais_lattice","lattice","IS_A","ent:rel:bravais_lattice:IS_A:lattice"
"lattice","group_theory","IS_A","ent:rel:lattice:IS_A:group_theory"
"lattice","integer_lattice","RELATED_TO","ent:rel:lattice:RELATED_TO:integer_lattice"
"integer_lattice","hermite_normal_form","USES","ent:rel:integer_lattice:USES:hermite_normal_form"
"integer_lattice","unimodular_matrix","USES","ent:rel:integer_lattice:USES:unimodular_matrix"
"integer_lattice","sublattice","RELATED_TO","ent:rel:integer_lattice:RELATED_TO:sublattice"
"crystal_system","crystal_family","RELATED_TO","ent:rel:crystal_system:RELATED_TO:crystal_family"
"crystal_system","metric_invariance","RELATED_TO","ent:rel:crystal_system:RELATED_TO:metric_invariance"
"crystal_family","crystal_system","RELATED_TO","ent:rel:crystal_family:RELATED_TO:crystal_system"
"crystal_family","point_group","USES","ent:rel:crystal_family:USES:point_group"
"crystallographic_restriction","point_group","RELATED_TO","ent:rel:crystallographic_restriction:RELATED_TO:point_group"
"crystallographic_restriction","unimodular_matrix","RELATED_TO","ent:rel:crystallographic_restriction:RELATED_TO:unimodular_matrix"
"symmetry_element","symmetry_operation","USES","ent:rel:symmetry_element:USES:symmetry_operation"
"symmetry_element","fixed_point_locus","USES","ent:rel:symmetry_element:USES:fixed_point_locus"
"symmetry_element","intrinsic_translation","USES","ent:rel:symmetry_element:USES:intrinsic_translation"
"screw_axis","symmetry_element","IS_A","ent:rel:screw_axis:IS_A:symmetry_element"
"screw_axis","intrinsic_translation","USES","ent:rel:screw_axis:USES:intrinsic_translation"
"screw_axis","serial_reflection_conditions","RELATED_TO","ent:rel:screw_axis:RELATED_TO:serial_reflection_conditions"
"glide_plane","symmetry_element","IS_A","ent:rel:glide_plane:IS_A:symmetry_element"
"glide_plane","intrinsic_translation","USES","ent:rel:glide_plane:USES:intrinsic_translation"
"glide_plane","zonal_reflection_conditions","RELATED_TO","ent:rel:glide_plane:RELATED_TO:zonal_reflection_conditions"
"rotoinversion","symmetry_element","IS_A","ent:rel:rotoinversion:IS_A:symmetry_element"
"rotoinversion","inversion_centre","USES","ent:rel:rotoinversion:USES:inversion_centre"
"mirror_plane","symmetry_element","IS_A","ent:rel:mirror_plane:IS_A:symmetry_element"
"mirror_plane","reflection_stratum","RELATED_TO","ent:rel:mirror_plane:RELATED_TO:reflection_stratum"
"intrinsic_translation","symmetry_element","PART_OF","ent:rel:intrinsic_translation:PART_OF:symmetry_element"
"intrinsic_translation","fixed_subspace","USES","ent:rel:intrinsic_translation:USES:fixed_subspace"
"fixed_point_locus","rational_linear_solve","USES","ent:rel:fixed_point_locus:USES:rational_linear_solve"
"fixed_point_locus","affine_subspace","USES","ent:rel:fixed_point_locus:USES:affine_subspace"
"fixed_point_locus","wyckoff_position","RELATED_TO","ent:rel:fixed_point_locus:RELATED_TO:wyckoff_position"
"fixed_subspace","kernel_nullspace","USES","ent:rel:fixed_subspace:USES:kernel_nullspace"
"fixed_subspace","eigenvector","USES","ent:rel:fixed_subspace:USES:eigenvector"
"fixed_subspace","fixed_point_locus","RELATED_TO","ent:rel:fixed_subspace:RELATED_TO:fixed_point_locus"
"ita_diagrams","symmetry_element","USES","ent:rel:ita_diagrams:USES:symmetry_element"
"ita_diagrams","general_position","USES","ent:rel:ita_diagrams:USES:general_position"
"ita_diagrams","metric_invariance","USES","ent:rel:ita_diagrams:USES:metric_invariance"
"ita_diagrams","convex_hull","USES","ent:rel:ita_diagrams:USES:convex_hull"
"wyckoff_position","site_symmetry","USES","ent:rel:wyckoff_position:USES:site_symmetry"
"wyckoff_position","crystallographic_orbit","USES","ent:rel:wyckoff_position:USES:crystallographic_orbit"
"wyckoff_position","fixed_point_locus","USES","ent:rel:wyckoff_position:USES:fixed_point_locus"
"site_symmetry","stabilizer","IS_A","ent:rel:site_symmetry:IS_A:stabilizer"
"site_symmetry","wyckoff_position","PART_OF","ent:rel:site_symmetry:PART_OF:wyckoff_position"
"crystallographic_orbit","orbit","IS_A","ent:rel:crystallographic_orbit:IS_A:orbit"
"crystallographic_orbit","orbit_stabilizer_theorem","USES","ent:rel:crystallographic_orbit:USES:orbit_stabilizer_theorem"
"general_position","wyckoff_position","SPECIALIZES","ent:rel:general_position:SPECIALIZES:wyckoff_position"
"stabilizer","group_action","PART_OF","ent:rel:stabilizer:PART_OF:group_action"
"stabilizer","orbit","RELATED_TO","ent:rel:stabilizer:RELATED_TO:orbit"
"orbit","group_action","PART_OF","ent:rel:orbit:PART_OF:group_action"
"orbit","stabilizer","RELATED_TO","ent:rel:orbit:RELATED_TO:stabilizer"
"orbit_stabilizer_theorem","group_action","PART_OF","ent:rel:orbit_stabilizer_theorem:PART_OF:group_action"
"group_action","group_theory","PART_OF","ent:rel:group_action:PART_OF:group_theory"
"miller_indices","reciprocal_lattice","PART_OF","ent:rel:miller_indices:PART_OF:reciprocal_lattice"
"miller_indices","covariance_contravariance","RELATED_TO","ent:rel:miller_indices:RELATED_TO:covariance_contravariance"
"reciprocal_lattice","lattice","DUAL_OF","ent:rel:reciprocal_lattice:DUAL_OF:lattice"
"reciprocal_lattice","dual_lattice","USES","ent:rel:reciprocal_lattice:USES:dual_lattice"
"structure_factor_phase","structure_factor","USES","ent:rel:structure_factor_phase:USES:structure_factor"
"structure_factor_phase","systematic_absences","RELATED_TO","ent:rel:structure_factor_phase:RELATED_TO:systematic_absences"
"structure_factor_phase","centric_reflection","RELATED_TO","ent:rel:structure_factor_phase:RELATED_TO:centric_reflection"
"structure_factor","miller_indices","RELATED_TO","ent:rel:structure_factor:RELATED_TO:miller_indices"
"systematic_absences","structure_factor_phase","USES","ent:rel:systematic_absences:USES:structure_factor_phase"
"systematic_absences","stabilizer","USES","ent:rel:systematic_absences:USES:stabilizer"
"systematic_absences","reflection_conditions","RELATED_TO","ent:rel:systematic_absences:RELATED_TO:reflection_conditions"
"reflection_conditions","systematic_absences","USES","ent:rel:reflection_conditions:USES:systematic_absences"
"reflection_conditions","reflection_stratum","USES","ent:rel:reflection_conditions:USES:reflection_stratum"
"reflection_conditions","dual_lattice","USES","ent:rel:reflection_conditions:USES:dual_lattice"
"reflection_conditions","smith_normal_form","USES","ent:rel:reflection_conditions:USES:smith_normal_form"
"integral_reflection_conditions","reflection_conditions","SPECIALIZES","ent:rel:integral_reflection_conditions:SPECIALIZES:reflection_conditions"
"integral_reflection_conditions","lattice_centring","USES","ent:rel:integral_reflection_conditions:USES:lattice_centring"
"zonal_reflection_conditions","reflection_conditions","SPECIALIZES","ent:rel:zonal_reflection_conditions:SPECIALIZES:reflection_conditions"
"zonal_reflection_conditions","glide_plane","USES","ent:rel:zonal_reflection_conditions:USES:glide_plane"
"serial_reflection_conditions","reflection_conditions","SPECIALIZES","ent:rel:serial_reflection_conditions:SPECIALIZES:reflection_conditions"
"serial_reflection_conditions","screw_axis","USES","ent:rel:serial_reflection_conditions:USES:screw_axis"
"reflection_stratum","stabilizer","USES","ent:rel:reflection_stratum:USES:stabilizer"
"reflection_stratum","fixed_subspace","USES","ent:rel:reflection_stratum:USES:fixed_subspace"
"reflection_stratum","saturated_sublattice","USES","ent:rel:reflection_stratum:USES:saturated_sublattice"
"reflection_stratum","reflection_conditions","PART_OF","ent:rel:reflection_stratum:PART_OF:reflection_conditions"
"augmented_translation_lattice","dual_lattice","USES","ent:rel:augmented_translation_lattice:USES:dual_lattice"
"augmented_translation_lattice","smith_normal_form","USES","ent:rel:augmented_translation_lattice:USES:smith_normal_form"
"augmented_translation_lattice","reflection_conditions","RELATED_TO","ent:rel:augmented_translation_lattice:RELATED_TO:reflection_conditions"
"augmented_translation_lattice","structure_seminvariant","RELATED_TO","ent:rel:augmented_translation_lattice:RELATED_TO:structure_seminvariant"
"centric_reflection","structure_factor_phase","USES","ent:rel:centric_reflection:USES:structure_factor_phase"
"centric_reflection","friedel_law","RELATED_TO","ent:rel:centric_reflection:RELATED_TO:friedel_law"
"centric_reflection","wilson_statistics","RELATED_TO","ent:rel:centric_reflection:RELATED_TO:wilson_statistics"
"friedel_law","laue_class","RELATED_TO","ent:rel:friedel_law:RELATED_TO:laue_class"
"equivalent_reflections","orbit","IS_A","ent:rel:equivalent_reflections:IS_A:orbit"
"equivalent_reflections","laue_class","USES","ent:rel:equivalent_reflections:USES:laue_class"
"epsilon_factor","stabilizer","IS_A","ent:rel:epsilon_factor:IS_A:stabilizer"
"epsilon_factor","orbit_stabilizer_theorem","USES","ent:rel:epsilon_factor:USES:orbit_stabilizer_theorem"
"epsilon_factor","wilson_statistics","RELATED_TO","ent:rel:epsilon_factor:RELATED_TO:wilson_statistics"
"reciprocal_asu","asymmetric_unit","SPECIALIZES","ent:rel:reciprocal_asu:SPECIALIZES:asymmetric_unit"
"reciprocal_asu","laue_class","USES","ent:rel:reciprocal_asu:USES:laue_class"
"allowed_origins","smith_normal_form","USES","ent:rel:allowed_origins:USES:smith_normal_form"
"allowed_origins","primitive_basis","USES","ent:rel:allowed_origins:USES:primitive_basis"
"allowed_origins","euclidean_normalizer","RELATED_TO","ent:rel:allowed_origins:RELATED_TO:euclidean_normalizer"
"allowed_origins","origin_shift","RELATED_TO","ent:rel:allowed_origins:RELATED_TO:origin_shift"
"floating_origin","allowed_origins","PART_OF","ent:rel:floating_origin:PART_OF:allowed_origins"
"floating_origin","kernel_nullspace","USES","ent:rel:floating_origin:USES:kernel_nullspace"
"floating_origin","smith_normal_form","USES","ent:rel:floating_origin:USES:smith_normal_form"
"euclidean_normalizer","normalizer","USES","ent:rel:euclidean_normalizer:USES:normalizer"
"euclidean_normalizer","allowed_origins","RELATED_TO","ent:rel:euclidean_normalizer:RELATED_TO:allowed_origins"
"normalizer","group_theory","PART_OF","ent:rel:normalizer:PART_OF:group_theory"
"normalizer","conjugation","USES","ent:rel:normalizer:USES:conjugation"
"structure_seminvariant","allowed_origins","DUAL_OF","ent:rel:structure_seminvariant:DUAL_OF:allowed_origins"
"structure_seminvariant","dual_lattice","USES","ent:rel:structure_seminvariant:USES:dual_lattice"
"structure_seminvariant","linear_congruence","USES","ent:rel:structure_seminvariant:USES:linear_congruence"
"structure_seminvariant","direct_methods","RELATED_TO","ent:rel:structure_seminvariant:RELATED_TO:direct_methods"
"direct_methods","structure_seminvariant","USES","ent:rel:direct_methods:USES:structure_seminvariant"
"patterson_function","harker_section","RELATED_TO","ent:rel:patterson_function:RELATED_TO:harker_section"
"harker_section","patterson_function","USES","ent:rel:harker_section:USES:patterson_function"
"harker_section","left_nullspace","USES","ent:rel:harker_section:USES:left_nullspace"
"harker_section","linear_congruence","USES","ent:rel:harker_section:USES:linear_congruence"
"harker_section","affine_subspace","USES","ent:rel:harker_section:USES:affine_subspace"
"asymmetric_unit","crystallographic_orbit","USES","ent:rel:asymmetric_unit:USES:crystallographic_orbit"
"dirichlet_domain","asymmetric_unit","SPECIALIZES","ent:rel:dirichlet_domain:SPECIALIZES:asymmetric_unit"
"dirichlet_domain","voronoi_cell","IS_A","ent:rel:dirichlet_domain:IS_A:voronoi_cell"
"dirichlet_domain","half_space","USES","ent:rel:dirichlet_domain:USES:half_space"
"dirichlet_domain","allowed_origins","USES","ent:rel:dirichlet_domain:USES:allowed_origins"
"dirichlet_domain","monte_carlo","USES","ent:rel:dirichlet_domain:USES:monte_carlo"
"half_space","dirichlet_domain","PART_OF","ent:rel:half_space:PART_OF:dirichlet_domain"
"monte_carlo","inertia_tensor","RELATED_TO","ent:rel:monte_carlo:RELATED_TO:inertia_tensor"
"inertia_tensor","eigenvalue_symmetric","USES","ent:rel:inertia_tensor:USES:eigenvalue_symmetric"
"inertia_tensor","isoperimetric_quotient","RELATED_TO","ent:rel:inertia_tensor:RELATED_TO:isoperimetric_quotient"
"subgroup","group_theory","PART_OF","ent:rel:subgroup:PART_OF:group_theory"
"t_subgroup","subgroup","SPECIALIZES","ent:rel:t_subgroup:SPECIALIZES:subgroup"
"t_subgroup","k_subgroup","CONTRASTS_WITH","ent:rel:t_subgroup:CONTRASTS_WITH:k_subgroup"
"k_subgroup","subgroup","SPECIALIZES","ent:rel:k_subgroup:SPECIALIZES:subgroup"
"k_subgroup","sublattice","USES","ent:rel:k_subgroup:USES:sublattice"
"k_subgroup","lattice_centring","USES","ent:rel:k_subgroup:USES:lattice_centring"
"index_of_subgroup","group_theory","PART_OF","ent:rel:index_of_subgroup:PART_OF:group_theory"
"index_of_subgroup","coset","USES","ent:rel:index_of_subgroup:USES:coset"
"index_of_subgroup","finite_field_gf2","USES","ent:rel:index_of_subgroup:USES:finite_field_gf2"
"coset","group_theory","PART_OF","ent:rel:coset:PART_OF:group_theory"
"coset","index_of_subgroup","RELATED_TO","ent:rel:coset:RELATED_TO:index_of_subgroup"
"finite_field_gf2","kernel_nullspace","IS_A","ent:rel:finite_field_gf2:IS_A:kernel_nullspace"
"group_homomorphism","group_theory","PART_OF","ent:rel:group_homomorphism:PART_OF:group_theory"
"permutation_group_s4","group_theory","IS_A","ent:rel:permutation_group_s4:IS_A:group_theory"
"permutation_group_s4","unimodular_matrix","USES","ent:rel:permutation_group_s4:USES:unimodular_matrix"
"permutation_group_s4","selling_closure","PART_OF","ent:rel:permutation_group_s4:PART_OF:selling_closure"
"unit_cell","metric_tensor","USES","ent:rel:unit_cell:USES:metric_tensor"
"unit_cell","lattice","RELATED_TO","ent:rel:unit_cell:RELATED_TO:lattice"
"metric_tensor","gram_matrix","IS_A","ent:rel:metric_tensor:IS_A:gram_matrix"
"metric_tensor","determinant","USES","ent:rel:metric_tensor:USES:determinant"
"metric_tensor","unit_cell","PART_OF","ent:rel:metric_tensor:PART_OF:unit_cell"
"reciprocal_metric","matrix_inverse","USES","ent:rel:reciprocal_metric:USES:matrix_inverse"
"reciprocal_metric","reciprocal_lattice","PART_OF","ent:rel:reciprocal_metric:PART_OF:reciprocal_lattice"
"reciprocal_metric","d_spacing","RELATED_TO","ent:rel:reciprocal_metric:RELATED_TO:d_spacing"
"d_spacing","reciprocal_metric","USES","ent:rel:d_spacing:USES:reciprocal_metric"
"d_spacing","braggs_law","USES","ent:rel:d_spacing:USES:braggs_law"
"orthogonalization","matrix_inverse","USES","ent:rel:orthogonalization:USES:matrix_inverse"
"orthogonalization","unit_cell","PART_OF","ent:rel:orthogonalization:PART_OF:unit_cell"
"cell_volume","determinant","USES","ent:rel:cell_volume:USES:determinant"
"cell_volume","unit_cell","PART_OF","ent:rel:cell_volume:PART_OF:unit_cell"
"metric_invariance","metric_tensor","USES","ent:rel:metric_invariance:USES:metric_tensor"
"metric_invariance","point_group","USES","ent:rel:metric_invariance:USES:point_group"
"metric_invariance","reynolds_operator","RELATED_TO","ent:rel:metric_invariance:RELATED_TO:reynolds_operator"
"metric_invariance","neumanns_principle","RELATED_TO","ent:rel:metric_invariance:RELATED_TO:neumanns_principle"
"neumanns_principle","metric_invariance","RELATED_TO","ent:rel:neumanns_principle:RELATED_TO:metric_invariance"
"reynolds_operator","metric_invariance","USES","ent:rel:reynolds_operator:USES:metric_invariance"
"reynolds_operator","projection_operator","IS_A","ent:rel:reynolds_operator:IS_A:projection_operator"
"primitive_cell","lattice_centring","USES","ent:rel:primitive_cell:USES:lattice_centring"
"primitive_cell","change_of_basis","USES","ent:rel:primitive_cell:USES:change_of_basis"
"primitive_cell","conventional_cell","CONTRASTS_WITH","ent:rel:primitive_cell:CONTRASTS_WITH:conventional_cell"
"primitive_basis","hermite_normal_form","USES","ent:rel:primitive_basis:USES:hermite_normal_form"
"primitive_basis","primitive_cell","RELATED_TO","ent:rel:primitive_basis:RELATED_TO:primitive_cell"
"conventional_cell","lattice_centring","RELATED_TO","ent:rel:conventional_cell:RELATED_TO:lattice_centring"
"reduced_cell","unimodular_matrix","USES","ent:rel:reduced_cell:USES:unimodular_matrix"
"niggli_reduction","reduced_cell","SPECIALIZES","ent:rel:niggli_reduction:SPECIALIZES:reduced_cell"
"niggli_reduction","metric_tensor","USES","ent:rel:niggli_reduction:USES:metric_tensor"
"niggli_reduction","unimodular_matrix","USES","ent:rel:niggli_reduction:USES:unimodular_matrix"
"niggli_reduction","floating_point_tolerance","USES","ent:rel:niggli_reduction:USES:floating_point_tolerance"
"delaunay_selling_reduction","reduced_cell","SPECIALIZES","ent:rel:delaunay_selling_reduction:SPECIALIZES:reduced_cell"
"delaunay_selling_reduction","obtuse_superbase","USES","ent:rel:delaunay_selling_reduction:USES:obtuse_superbase"
"delaunay_selling_reduction","niggli_reduction","RELATED_TO","ent:rel:delaunay_selling_reduction:RELATED_TO:niggli_reduction"
"obtuse_superbase","delaunay_selling_reduction","PART_OF","ent:rel:obtuse_superbase:PART_OF:delaunay_selling_reduction"
"obtuse_superbase","voronoi_type","RELATED_TO","ent:rel:obtuse_superbase:RELATED_TO:voronoi_type"
"voronoi_type","obtuse_superbase","USES","ent:rel:voronoi_type:USES:obtuse_superbase"
"voronoi_type","voronoi_cell","RELATED_TO","ent:rel:voronoi_type:RELATED_TO:voronoi_cell"
"voronoi_type","selling_closure","PART_OF","ent:rel:voronoi_type:PART_OF:selling_closure"
"selling_closure","obtuse_superbase","USES","ent:rel:selling_closure:USES:obtuse_superbase"
"selling_closure","permutation_group_s4","USES","ent:rel:selling_closure:USES:permutation_group_s4"
"selling_closure","voronoi_type","USES","ent:rel:selling_closure:USES:voronoi_type"
"selling_closure","reindexing","RELATED_TO","ent:rel:selling_closure:RELATED_TO:reindexing"
"kurlin_root_form","obtuse_superbase","USES","ent:rel:kurlin_root_form:USES:obtuse_superbase"
"kurlin_root_form","rearrangement_inequality","USES","ent:rel:kurlin_root_form:USES:rearrangement_inequality"
"kurlin_root_form","euclidean_distance","USES","ent:rel:kurlin_root_form:USES:euclidean_distance"
"kurlin_root_form","lattice_space","RELATED_TO","ent:rel:kurlin_root_form:RELATED_TO:lattice_space"
"similarity_invariant","kurlin_root_form","SPECIALIZES","ent:rel:similarity_invariant:SPECIALIZES:kurlin_root_form"
"lattice_space","g6_s6_embedding","USES","ent:rel:lattice_space:USES:g6_s6_embedding"
"lattice_space","kurlin_root_form","USES","ent:rel:lattice_space:USES:kurlin_root_form"
"lattice_space","nearest_neighbour_search","USES","ent:rel:lattice_space:USES:nearest_neighbour_search"
"g6_s6_embedding","metric_tensor","USES","ent:rel:g6_s6_embedding:USES:metric_tensor"
"g6_s6_embedding","lattice_space","PART_OF","ent:rel:g6_s6_embedding:PART_OF:lattice_space"
"symmetry_deficiency","reynolds_operator","USES","ent:rel:symmetry_deficiency:USES:reynolds_operator"
"symmetry_deficiency","kurlin_root_form","USES","ent:rel:symmetry_deficiency:USES:kurlin_root_form"
"symmetry_deficiency","pseudosymmetry","RELATED_TO","ent:rel:symmetry_deficiency:RELATED_TO:pseudosymmetry"
"pseudosymmetry","twinning_merohedry","RELATED_TO","ent:rel:pseudosymmetry:RELATED_TO:twinning_merohedry"
"lattice_symmetry_determination","metric_invariance","USES","ent:rel:lattice_symmetry_determination:USES:metric_invariance"
"lattice_symmetry_determination","unimodular_matrix","USES","ent:rel:lattice_symmetry_determination:USES:unimodular_matrix"
"lattice_symmetry_determination","group_closure","USES","ent:rel:lattice_symmetry_determination:USES:group_closure"
"lattice_symmetry_determination","holohedry","RELATED_TO","ent:rel:lattice_symmetry_determination:RELATED_TO:holohedry"
"cell_comparison","niggli_reduction","USES","ent:rel:cell_comparison:USES:niggli_reduction"
"cell_comparison","sublattice","USES","ent:rel:cell_comparison:USES:sublattice"
"cell_comparison","hermite_normal_form","USES","ent:rel:cell_comparison:USES:hermite_normal_form"
"cell_comparison","floating_point_tolerance","USES","ent:rel:cell_comparison:USES:floating_point_tolerance"
"sublattice","hermite_normal_form","USES","ent:rel:sublattice:USES:hermite_normal_form"
"sublattice","determinant","USES","ent:rel:sublattice:USES:determinant"
"sublattice","integer_lattice","PART_OF","ent:rel:sublattice:PART_OF:integer_lattice"
"saturated_sublattice","sublattice","IS_A","ent:rel:saturated_sublattice:IS_A:sublattice"
"saturated_sublattice","kernel_nullspace","USES","ent:rel:saturated_sublattice:USES:kernel_nullspace"
"dual_lattice","smith_normal_form","USES","ent:rel:dual_lattice:USES:smith_normal_form"
"dual_lattice","reciprocal_lattice","RELATED_TO","ent:rel:dual_lattice:RELATED_TO:reciprocal_lattice"
"dual_lattice","linear_congruence","RELATED_TO","ent:rel:dual_lattice:RELATED_TO:linear_congruence"
"dual_basis","dual_lattice","RELATED_TO","ent:rel:dual_basis:RELATED_TO:dual_lattice"
"reindexing","coset","USES","ent:rel:reindexing:USES:coset"
"reindexing","unimodular_matrix","USES","ent:rel:reindexing:USES:unimodular_matrix"
"reindexing","selling_closure","USES","ent:rel:reindexing:USES:selling_closure"
"reindexing","change_of_basis","RELATED_TO","ent:rel:reindexing:RELATED_TO:change_of_basis"
"indexing_ambiguity","coset","USES","ent:rel:indexing_ambiguity:USES:coset"
"indexing_ambiguity","laue_class","USES","ent:rel:indexing_ambiguity:USES:laue_class"
"indexing_ambiguity","holohedry","USES","ent:rel:indexing_ambiguity:USES:holohedry"
"indexing_ambiguity","pearson_correlation","USES","ent:rel:indexing_ambiguity:USES:pearson_correlation"
"indexing_ambiguity","twinning_merohedry","RELATED_TO","ent:rel:indexing_ambiguity:RELATED_TO:twinning_merohedry"
"twinning_merohedry","coset","USES","ent:rel:twinning_merohedry:USES:coset"
"twinning_merohedry","lattice_symmetry_determination","USES","ent:rel:twinning_merohedry:USES:lattice_symmetry_determination"
"twinning_merohedry","laue_class","USES","ent:rel:twinning_merohedry:USES:laue_class"
"deformation_manifold","knn_graph","USES","ent:rel:deformation_manifold:USES:knn_graph"
"deformation_manifold","dijkstra","USES","ent:rel:deformation_manifold:USES:dijkstra"
"deformation_manifold","graph_laplacian","USES","ent:rel:deformation_manifold:USES:graph_laplacian"
"deformation_manifold","farthest_point_sampling","USES","ent:rel:deformation_manifold:USES:farthest_point_sampling"
"deformation_manifold","reindexing","USES","ent:rel:deformation_manifold:USES:reindexing"
"space_group_identification","origin_shift","USES","ent:rel:space_group_identification:USES:origin_shift"
"space_group_identification","change_of_basis","USES","ent:rel:space_group_identification:USES:change_of_basis"
"space_group_identification","rational_linear_solve","USES","ent:rel:space_group_identification:USES:rational_linear_solve"
"space_group_identification","coset","USES","ent:rel:space_group_identification:USES:coset"
"selling_settings","permutation_group_s4","USES","ent:rel:selling_settings:USES:permutation_group_s4"
"selling_settings","change_of_basis","USES","ent:rel:selling_settings:USES:change_of_basis"
"selling_settings","indexing_ambiguity","RELATED_TO","ent:rel:selling_settings:RELATED_TO:indexing_ambiguity"
"nearest_neighbour_search","kd_tree","USES","ent:rel:nearest_neighbour_search:USES:kd_tree"
"nearest_neighbour_search","neartree","USES","ent:rel:nearest_neighbour_search:USES:neartree"
"nearest_neighbour_search","euclidean_distance","USES","ent:rel:nearest_neighbour_search:USES:euclidean_distance"
"kd_tree","nearest_neighbour_search","PART_OF","ent:rel:kd_tree:PART_OF:nearest_neighbour_search"
"neartree","nearest_neighbour_search","PART_OF","ent:rel:neartree:PART_OF:nearest_neighbour_search"
"neartree","metric_space","USES","ent:rel:neartree:USES:metric_space"
"euclidean_distance","metric_space","IS_A","ent:rel:euclidean_distance:IS_A:metric_space"
"knn_graph","deformation_manifold","PART_OF","ent:rel:knn_graph:PART_OF:deformation_manifold"
"dijkstra","deformation_manifold","PART_OF","ent:rel:dijkstra:PART_OF:deformation_manifold"
"graph_laplacian","eigenvalue_symmetric","USES","ent:rel:graph_laplacian:USES:eigenvalue_symmetric"
"graph_laplacian","deformation_manifold","PART_OF","ent:rel:graph_laplacian:PART_OF:deformation_manifold"
"farthest_point_sampling","deformation_manifold","PART_OF","ent:rel:farthest_point_sampling:PART_OF:deformation_manifold"
"pearson_correlation","indexing_ambiguity","PART_OF","ent:rel:pearson_correlation:PART_OF:indexing_ambiguity"
"svd_pca","eigenvalue_symmetric","RELATED_TO","ent:rel:svd_pca:RELATED_TO:eigenvalue_symmetric"
"floating_point_tolerance","exact_rational_arithmetic","CONTRASTS_WITH","ent:rel:floating_point_tolerance:CONTRASTS_WITH:exact_rational_arithmetic"
"torus_distance","modular_arithmetic","USES","ent:rel:torus_distance:USES:modular_arithmetic"
"exact_rational_arithmetic","floating_point_tolerance","CONTRASTS_WITH","ent:rel:exact_rational_arithmetic:CONTRASTS_WITH:floating_point_tolerance"
"matrix_inverse","determinant","USES","ent:rel:matrix_inverse:USES:determinant"
"matrix_inverse","unimodular_matrix","RELATED_TO","ent:rel:matrix_inverse:RELATED_TO:unimodular_matrix"
"gaussian_elimination","exact_rational_arithmetic","USES","ent:rel:gaussian_elimination:USES:exact_rational_arithmetic"
"rational_linear_solve","gaussian_elimination","USES","ent:rel:rational_linear_solve:USES:gaussian_elimination"
"rational_linear_solve","affine_subspace","RELATED_TO","ent:rel:rational_linear_solve:RELATED_TO:affine_subspace"
"kernel_nullspace","gaussian_elimination","USES","ent:rel:kernel_nullspace:USES:gaussian_elimination"
"kernel_nullspace","left_nullspace","RELATED_TO","ent:rel:kernel_nullspace:RELATED_TO:left_nullspace"
"left_nullspace","kernel_nullspace","IS_A","ent:rel:left_nullspace:IS_A:kernel_nullspace"
"matrix_rank","gaussian_elimination","USES","ent:rel:matrix_rank:USES:gaussian_elimination"
"eigenvalue_symmetric","eigenvector","USES","ent:rel:eigenvalue_symmetric:USES:eigenvector"
"unimodular_matrix","determinant","USES","ent:rel:unimodular_matrix:USES:determinant"
"unimodular_matrix","change_of_basis","RELATED_TO","ent:rel:unimodular_matrix:RELATED_TO:change_of_basis"
"hermite_normal_form","unimodular_matrix","USES","ent:rel:hermite_normal_form:USES:unimodular_matrix"
"hermite_normal_form","smith_normal_form","RELATED_TO","ent:rel:hermite_normal_form:RELATED_TO:smith_normal_form"
"smith_normal_form","unimodular_matrix","USES","ent:rel:smith_normal_form:USES:unimodular_matrix"
"smith_normal_form","finitely_generated_abelian_group","RELATED_TO","ent:rel:smith_normal_form:RELATED_TO:finitely_generated_abelian_group"
"smith_normal_form","hermite_normal_form","RELATED_TO","ent:rel:smith_normal_form:RELATED_TO:hermite_normal_form"
"finitely_generated_abelian_group","smith_normal_form","USES","ent:rel:finitely_generated_abelian_group:USES:smith_normal_form"
"linear_congruence","modular_arithmetic","USES","ent:rel:linear_congruence:USES:modular_arithmetic"
"gcd_lcm","modular_arithmetic","PART_OF","ent:rel:gcd_lcm:PART_OF:modular_arithmetic"
"matrix_order","crystallographic_restriction","RELATED_TO","ent:rel:matrix_order:RELATED_TO:crystallographic_restriction"
"ita_graphical_symbols","ita_diagrams","PART_OF","ent:rel:ita_graphical_symbols:PART_OF:ita_diagrams"
"ita_graphical_symbols","symmetry_element","USES","ent:rel:ita_graphical_symbols:USES:symmetry_element"
"ita_graphical_symbols","screw_axis","USES","ent:rel:ita_graphical_symbols:USES:screw_axis"
"ita_graphical_symbols","glide_plane","USES","ent:rel:ita_graphical_symbols:USES:glide_plane"
"ita_height_label","ita_diagrams","PART_OF","ent:rel:ita_height_label:PART_OF:ita_diagrams"
"ita_height_label","general_position","USES","ent:rel:ita_height_label:USES:general_position"
"coordination_polyhedron","ita_diagrams","PART_OF","ent:rel:coordination_polyhedron:PART_OF:ita_diagrams"
"coordination_polyhedron","general_position","USES","ent:rel:coordination_polyhedron:USES:general_position"
"coordination_polyhedron","convex_hull","USES","ent:rel:coordination_polyhedron:USES:convex_hull"
"projection_convention","ita_diagrams","PART_OF","ent:rel:projection_convention:PART_OF:ita_diagrams"
"projection_convention","crystal_system","USES","ent:rel:projection_convention:USES:crystal_system"
"glide_a","glide_plane","SPECIALIZES","ent:rel:glide_a:SPECIALIZES:glide_plane"
"glide_b","glide_plane","SPECIALIZES","ent:rel:glide_b:SPECIALIZES:glide_plane"
"glide_c","glide_plane","SPECIALIZES","ent:rel:glide_c:SPECIALIZES:glide_plane"
"glide_n","glide_plane","SPECIALIZES","ent:rel:glide_n:SPECIALIZES:glide_plane"
"glide_d","glide_plane","SPECIALIZES","ent:rel:glide_d:SPECIALIZES:glide_plane"
"glide_e","glide_plane","SPECIALIZES","ent:rel:glide_e:SPECIALIZES:glide_plane"
"screw_21","screw_axis","SPECIALIZES","ent:rel:screw_21:SPECIALIZES:screw_axis"
"screw_31","screw_axis","SPECIALIZES","ent:rel:screw_31:SPECIALIZES:screw_axis"
"screw_32","screw_axis","SPECIALIZES","ent:rel:screw_32:SPECIALIZES:screw_axis"
"screw_41","screw_axis","SPECIALIZES","ent:rel:screw_41:SPECIALIZES:screw_axis"
"screw_42","screw_axis","SPECIALIZES","ent:rel:screw_42:SPECIALIZES:screw_axis"
"screw_43","screw_axis","SPECIALIZES","ent:rel:screw_43:SPECIALIZES:screw_axis"
"screw_6","screw_axis","SPECIALIZES","ent:rel:screw_6:SPECIALIZES:screw_axis"
"chiral_space_group","screw_axis","USES","ent:rel:chiral_space_group:USES:screw_axis"
"chiral_space_group","inversion_centre","RELATED_TO","ent:rel:chiral_space_group:RELATED_TO:inversion_centre"
"chiral_space_group","glide_plane","RELATED_TO","ent:rel:chiral_space_group:RELATED_TO:glide_plane"
"symmorphic_space_group","space_group","SPECIALIZES","ent:rel:symmorphic_space_group:SPECIALIZES:space_group"
"symmorphic_space_group","nonsymmorphic_space_group","CONTRASTS_WITH","ent:rel:symmorphic_space_group:CONTRASTS_WITH:nonsymmorphic_space_group"
"symmorphic_space_group","intrinsic_translation","USES","ent:rel:symmorphic_space_group:USES:intrinsic_translation"
"nonsymmorphic_space_group","space_group","SPECIALIZES","ent:rel:nonsymmorphic_space_group:SPECIALIZES:space_group"
"nonsymmorphic_space_group","symmorphic_space_group","CONTRASTS_WITH","ent:rel:nonsymmorphic_space_group:CONTRASTS_WITH:symmorphic_space_group"
"nonsymmorphic_space_group","screw_axis","USES","ent:rel:nonsymmorphic_space_group:USES:screw_axis"
"nonsymmorphic_space_group","glide_plane","USES","ent:rel:nonsymmorphic_space_group:USES:glide_plane"
"geometric_crystal_class","point_group","RELATED_TO","ent:rel:geometric_crystal_class:RELATED_TO:point_group"
"geometric_crystal_class","crystal_system","RELATED_TO","ent:rel:geometric_crystal_class:RELATED_TO:crystal_system"
"arithmetic_crystal_class","geometric_crystal_class","RELATED_TO","ent:rel:arithmetic_crystal_class:RELATED_TO:geometric_crystal_class"
"arithmetic_crystal_class","unimodular_matrix","RELATED_TO","ent:rel:arithmetic_crystal_class:RELATED_TO:unimodular_matrix"
"arithmetic_crystal_class","point_group","USES","ent:rel:arithmetic_crystal_class:USES:point_group"
"bravais_class","bravais_lattice","USES","ent:rel:bravais_class:USES:bravais_lattice"
"bravais_class","holohedry","USES","ent:rel:bravais_class:USES:holohedry"
"bravais_class","lattice_centring","USES","ent:rel:bravais_class:USES:lattice_centring"
"bravais_class","arithmetic_crystal_class","RELATED_TO","ent:rel:bravais_class:RELATED_TO:arithmetic_crystal_class"
"wilson_statistics","epsilon_factor","USES","ent:rel:wilson_statistics:USES:epsilon_factor"
"wilson_statistics","centric_reflection","USES","ent:rel:wilson_statistics:USES:centric_reflection"
"tolerance_gated_matching","selling_closure","CONTRASTS_WITH","ent:rel:tolerance_gated_matching:CONTRASTS_WITH:selling_closure"
"tolerance_gated_matching","metric_tensor","USES","ent:rel:tolerance_gated_matching:USES:metric_tensor"
"site_symmetry_stratum","site_symmetry","USES","ent:rel:site_symmetry_stratum:USES:site_symmetry"
"site_symmetry_stratum","fixed_point_locus","USES","ent:rel:site_symmetry_stratum:USES:fixed_point_locus"
"site_symmetry_stratum","reflection_stratum","RELATED_TO","ent:rel:site_symmetry_stratum:RELATED_TO:reflection_stratum"
"site_symmetry_stratum","wyckoff_position","RELATED_TO","ent:rel:site_symmetry_stratum:RELATED_TO:wyckoff_position"
"twinning_pseudomerohedry","twinning_merohedry","SPECIALIZES","ent:rel:twinning_pseudomerohedry:SPECIALIZES:twinning_merohedry"
"twinning_pseudomerohedry","tolerance_gated_matching","USES","ent:rel:twinning_pseudomerohedry:USES:tolerance_gated_matching"
"twinning_pseudomerohedry","coset","USES","ent:rel:twinning_pseudomerohedry:USES:coset"
"twinning_reticular_merohedry","twinning_merohedry","RELATED_TO","ent:rel:twinning_reticular_merohedry:RELATED_TO:twinning_merohedry"
"twinning_reticular_merohedry","sublattice","RELATED_TO","ent:rel:twinning_reticular_merohedry:RELATED_TO:sublattice"
"twin_index","twinning_reticular_merohedry","RELATED_TO","ent:rel:twin_index:RELATED_TO:twinning_reticular_merohedry"
"twin_index","sublattice","RELATED_TO","ent:rel:twin_index:RELATED_TO:sublattice"
"twin_obliquity","twinning_pseudomerohedry","RELATED_TO","ent:rel:twin_obliquity:RELATED_TO:twinning_pseudomerohedry"
"twin_obliquity","tolerance_gated_matching","RELATED_TO","ent:rel:twin_obliquity:RELATED_TO:tolerance_gated_matching"
"twin_lattice","twinning_reticular_merohedry","RELATED_TO","ent:rel:twin_lattice:RELATED_TO:twinning_reticular_merohedry"
"twin_lattice","sublattice","RELATED_TO","ent:rel:twin_lattice:RELATED_TO:sublattice"
"crystfel_stream","indexed_cell_distribution","USES","ent:rel:crystfel_stream:USES:indexed_cell_distribution"
"indexed_cell_distribution","crystfel_stream","PART_OF","ent:rel:indexed_cell_distribution:PART_OF:crystfel_stream"
"indexed_cell_distribution","indexing_ambiguity","RELATED_TO","ent:rel:indexed_cell_distribution:RELATED_TO:indexing_ambiguity"
"reference_orbit","selling_closure","USES","ent:rel:reference_orbit:USES:selling_closure"
"reference_orbit","change_of_basis","USES","ent:rel:reference_orbit:USES:change_of_basis"
"reference_orbit","reindexing","PART_OF","ent:rel:reference_orbit:PART_OF:reindexing"
"pdb_lattice_search","conventional_cell","USES","ent:rel:pdb_lattice_search:USES:conventional_cell"
"pdb_lattice_search","primitive_cell","USES","ent:rel:pdb_lattice_search:USES:primitive_cell"
"pdb_lattice_search","delaunay_selling_reduction","USES","ent:rel:pdb_lattice_search:USES:delaunay_selling_reduction"
"pdb_lattice_search","kurlin_root_form","USES","ent:rel:pdb_lattice_search:USES:kurlin_root_form"
"pdb_lattice_search","kd_tree","USES","ent:rel:pdb_lattice_search:USES:kd_tree"
"k_subgroup_iia","k_subgroup","SPECIALIZES","ent:rel:k_subgroup_iia:SPECIALIZES:k_subgroup"
"k_subgroup_iia","k_subgroup_iib","CONTRASTS_WITH","ent:rel:k_subgroup_iia:CONTRASTS_WITH:k_subgroup_iib"
"k_subgroup_iia","lattice_centring","USES","ent:rel:k_subgroup_iia:USES:lattice_centring"
"k_subgroup_iib","k_subgroup","SPECIALIZES","ent:rel:k_subgroup_iib:SPECIALIZES:k_subgroup"
"k_subgroup_iib","k_subgroup_iia","CONTRASTS_WITH","ent:rel:k_subgroup_iib:CONTRASTS_WITH:k_subgroup_iia"
"k_subgroup_iib","sublattice","USES","ent:rel:k_subgroup_iib:USES:sublattice"
"conorm_noise_floor","obtuse_superbase","USES","ent:rel:conorm_noise_floor:USES:obtuse_superbase"
"conorm_noise_floor","kurlin_root_form","RELATED_TO","ent:rel:conorm_noise_floor:RELATED_TO:kurlin_root_form"
"conorm_noise_floor","floating_point_tolerance","RELATED_TO","ent:rel:conorm_noise_floor:RELATED_TO:floating_point_tolerance"
