"id:ID(Concept)","label","kind","definition","aliases","literature",":LABEL"
"space_group","Space group","crystallography","The group of all symmetry operations (rotation part W with translation w) of a three-dimensional crystal pattern; agentsg builds each of the 230 from Hall-symbol generators by closure.","230 space groups","","Concept"
"symmetry_operation","Symmetry operation (Seitz operator)","crystallography","An affine map x' = W x + w with integer rotation part W (det ±1) and rational translation w, composed and inverted exactly; written as an ITA xyz triplet.","Seitz symbol;(W|w);xyz triplet","","Concept"
"point_group","Point group (rotation parts)","crystallography","The set of distinct rotation parts W of a space group; agentsg derives it from the operator list rather than a table.","","","Concept"
"laue_class","Laue class / Laue group","crystallography","The point group obtained by adding inversion; used because Friedel's law makes diffraction centrosymmetric, e.g. for reindexing cosets and reflection multiplicities.","","","Concept"
"holohedry","Holohedry (lattice point group)","crystallography","The full point group of a lattice: all rotations leaving its metric tensor invariant; determined numerically from the 81 Lebedev two-folds.","","","Concept"
"centrosymmetry","Centrosymmetry / inversion centre","crystallography","Presence of the operation −I (x → −x); tested on the point group.","inversion centre","","Concept"
"inversion_centre","Inversion (−1) operation","crystallography","The symmetry operation W = −I; Laue groups are point groups closed under it.","","","Concept"
"group_closure","Group closure by composition","algorithm","Generate the full operation set from generators by repeated composition modulo lattice translations; terminates because a space-group order is bounded by 192 in the conventional cell.","","","Concept"
"generators_of_a_group","Generators of a group","mathematics","A small set of elements whose products generate the whole group; Hall symbols encode space-group generators.","","","Concept"
"hall_symbol","Hall space-group symbol","crystallography","Compact notation (Hall 1981) encoding the lattice centring and generator operations of a space group, including an optional origin shift in twelfths; parsed into generators.","Hall notation","Hall, S. R. (1981). Acta Cryst. A37, 517;ITA Vol. B 1.4","Concept"
"hermann_mauguin_symbol","Hermann–Mauguin symbol","crystallography","The international (ITA) symbol of a space group or point group; agentsg resolves HM, Hall and number, and prints extended HM symbols with a parenthesised change of basis.","","","Concept"
"ita_setting","ITA settings (origin choice, cell choice, unique axis)","crystallography","The alternative descriptions of one space-group type tabulated in International Tables Vol. A (origin choices 1/2, hexagonal/rhombohedral axes, unique axes), each with its own Hall symbol.","origin choice 2;rhombohedral axes","","Concept"
"extended_setting_notation","Extended setting notation (symbol + change of basis)","crystallography","A base space-group symbol followed by a parenthesised change of basis, e.g. 'C 2y (x+y,z,x-y)'; when det P ≠ 1 the transform introduces centring translations.","","Zwart, Grosse-Kunstleve & Adams, Exploring Metric Symmetry, IUCr Comp. Comm. Newsletter 7 (2006)","Concept"
"change_of_basis","Change of basis / coordinate transformation (P, p)","crystallography","A transformation of the crystallographic basis and origin: (a',b',c') = (a,b,c)P, x' = P⁻¹(x − p), W' = P⁻¹WP, and Miller indices transform covariantly h' = hP.","","","Concept"
"covariance_contravariance","Covariant / contravariant transformation","mathematics","Fractional coordinates transform with P⁻¹ (contravariantly) while Miller indices, dual to the basis, transform with P so that h·x stays invariant.","","","Concept"
"origin_shift","Origin shift","crystallography","Translation p of the coordinate origin; conjugates each operator to (W, w + (I − W)p) and multiplies structure factors by the phase exp(2πi h·p) without changing h.","","","Concept"
"conjugation","Conjugation of a group element","mathematics","Mapping g ↦ h g h⁻¹; applied with a translation h = (I, p) it re-expresses a space group in a shifted origin, and with a basis change it re-expresses W as P⁻¹WP.","","","Concept"
"lattice_centring","Lattice centring (P, A, B, C, I, F, R)","crystallography","Additional pure translations of a conventional cell; derived in agentsg as the operations with W = I and used for integral reflection conditions and primitive-cell reduction.","","","Concept"
"bravais_lattice","Bravais lattice","crystallography","One of the 14 translation-lattice types in three dimensions; distinguished by holohedry and centring.","","","Concept"
"lattice","Lattice (translation lattice)","mathematics","The set of all integer combinations of three basis vectors; the translation subgroup of a space group, including centring vectors.","","","Concept"
"integer_lattice","Integer lattice Zⁿ and sublattices","mathematics","Z³ as the lattice of fractional coordinates; sublattices, saturated sublattices and their bases are handled with integer (unimodular) column and row reduction.","","","Concept"
"crystal_system","Crystal system","crystallography","Classification of point groups (triclinic … cubic); in agentsg the metric restrictions of each system follow from WᵀGW = G rather than a table.","","","Concept"
"crystal_family","Crystal family / lattice family","crystallography","The six families (triclinic, monoclinic, orthorhombic, tetragonal, hexagonal, cubic) decided from rotation orders and their fixed axes.","","","Concept"
"crystallographic_restriction","Crystallographic restriction theorem","mathematics","Rotations compatible with a lattice have orders 1, 2, 3, 4 or 6 and are integer matrices in a lattice basis; agentsg's order test only searches k ≤ 6.","","","Concept"
"symmetry_element","Symmetry element","crystallography","The geometric locus (axis, plane, point) together with the intrinsic translation of an operation; agentsg classifies (W, w) exactly, reducing w modulo the lattice.","","","Concept"
"screw_axis","Screw axis","crystallography","A rotation combined with a translation along the axis; causes serial reflection conditions such as 00l: l = 2n for 2₁ along c.","","","Concept"
"glide_plane","Glide plane","crystallography","A reflection combined with a translation parallel to the plane (a, b, c, n, d, e glides); causes zonal reflection conditions.","","","Concept"
"rotoinversion","Rotoinversion axis","crystallography","An improper operation: rotation followed by inversion (−N in Hall symbols).","","","Concept"
"mirror_plane","Mirror plane","crystallography","A reflection with zero intrinsic translation; its fixed subspace in reciprocal space is a zone of reflections.","","","Concept"
"intrinsic_translation","Intrinsic (screw/glide) translation","crystallography","The component of w parallel to the fixed space of W, reduced to the shortest lattice-equivalent representative; zero for pure rotations and mirrors.","","","Concept"
"fixed_point_locus","Fixed-point locus of an operation","mathematics","The affine subspace of points x with W x + w ≡ x (mod lattice), found by solving (W − I)x = −w exactly; its dimension gives point, line or plane.","","","Concept"
"fixed_subspace","Fixed subspace / +1 eigenspace of W","mathematics","The kernel of (W − I): directions left invariant by a rotation; in reciprocal space (row action) it defines reflection strata, in direct space floating origins and axis directions.","","","Concept"
"ita_diagrams","ITA space-group diagrams (general position, symmetry elements)","crystallography","The International Tables plates: projected general-position orbit with heights and handedness, and the symmetry-element diagram with graphical symbols; rendered from the derived operations.","","","Concept"
"wyckoff_position","Wyckoff position","crystallography","A set of points with conjugate site-symmetry groups; agentsg computes multiplicity, site-symmetry order and locus dimension from the operations (Wyckoff letters are not reproduced).","","","Concept"
"site_symmetry","Site symmetry (stabilizer of a point)","crystallography","The subgroup of operations fixing a point modulo lattice translations; its order divides the group order.","","","Concept"
"crystallographic_orbit","Crystallographic orbit","crystallography","The set of images of a point under the space group, reduced into the unit cell; its size is |G|/|S(x)| (orbit–stabilizer).","","","Concept"
"general_position","General position","crystallography","A point with trivial site symmetry; its multiplicity equals the order of the space group in the conventional cell.","","","Concept"
"stabilizer","Stabilizer (group action)","mathematics","For a group acting on a set, the subgroup fixing a given element; used for sites (direct space) and for reflection strata (reciprocal space).","","","Concept"
"orbit","Orbit (group action)","mathematics","The set of images of an element under a group; point-group orbits of Miller indices give symmetry-equivalent reflections.","","","Concept"
"orbit_stabilizer_theorem","Orbit–stabilizer theorem","mathematics","|orbit| = |G| / |stabilizer|; gives Wyckoff multiplicities and reflection multiplicities (|Laue group| / epsilon).","","","Concept"
"group_action","Group action","mathematics","A group acting on a set (points by x ↦ Wx + w, Miller indices by h ↦ hW, lattices by G ↦ MᵀGM).","","","Concept"
"miller_indices","Miller indices","crystallography","Integer triple (h, k, l) labelling a reflection / lattice plane; treated as a row vector acting by h' = hW.","","","Concept"
"reciprocal_lattice","Reciprocal lattice / reciprocal space","crystallography","The dual lattice of the direct lattice; reflections are its nodes and the reciprocal metric tensor is G⁻¹.","","","Concept"
"structure_factor_phase","Structure-factor phase shift under symmetry","crystallography","An operation (W, w) fixing h multiplies F(h) by exp(2πi h·w); the phase h·w in turns decides absences and phase restrictions.","","","Concept"
"structure_factor","Structure factor","crystallography","F(h) = Σ f_j exp(2πi h·x_j); its symmetry properties (absences, centric phases, semi-invariants) are what agentsg derives from the operators.","","","Concept"
"systematic_absences","Systematic absences (extinctions)","crystallography","A reflection h is absent iff some operation fixes h (hW = h) with non-integral phase h·w; the single rule from which all reflection conditions are derived.","extinctions","","Concept"
"reflection_conditions","Reflection conditions","crystallography","Generator-derived congruences for which reflections can be present, pruned against the Smith-form lattice of each stratum and reported as integral, zonal, and serial conditions. Not a transcription of the International Tables lists.","","","Concept"
"integral_reflection_conditions","Integral reflection conditions","crystallography","Conditions on all hkl arising from lattice centring, e.g. F: h+k, h+l = 2n.","","","Concept"
"zonal_reflection_conditions","Zonal reflection conditions","crystallography","Conditions on a zone (hk0, h0l, 0kl, hhl …) arising from glide planes.","","","Concept"
"serial_reflection_conditions","Serial reflection conditions","crystallography","Conditions on a row (h00, 0k0, 00l …) arising from screw axes.","","","Concept"
"reflection_stratum","Reflection stratum (class with a given stabilizer)","crystallography","The set of reciprocal-lattice vectors with the same stabilizer in the point group; the generic part of a rational subspace, computed as the intersection closure of fixed subspaces — exactly the ITA reflection classes hkl, 0kl, h00, hhl….","","","Concept"
"augmented_translation_lattice","Augmented translation lattice Λ_S and its dual","mathematics","On a stratum the operations with W in the stabilizer act like pure translations, so present reflections are the dual of Λ_S = Z³ + ⟨w⟩; the same construction with allowed origins gives the semi-invariants.","","","Concept"
"centric_reflection","Centric reflection / phase restriction","crystallography","A reflection mapped to −h by some operation has its phase restricted to two values; agentsg reports absence, centricity and the restricted phase (SgInfo semantics).","","","Concept"
"friedel_law","Friedel's law","crystallography","|F(h)| = |F(−h)| in the absence of anomalous scattering, so the diffraction pattern has the Laue symmetry.","","","Concept"
"equivalent_reflections","Symmetry-equivalent reflections","crystallography","The orbit of h under the point group (with Friedel mates); its size is the reflection multiplicity.","","","Concept"
"epsilon_factor","Epsilon factor (reflection stabilizer order)","crystallography","The number of point-group operations fixing h; the expected intensity enhancement factor ε of Wilson statistics.","","","Concept"
"reciprocal_asu","Reciprocal-space asymmetric unit","crystallography","A set of unique reflections under the Laue group (CCP4/cctbx/gemmi convention); agentsg maps hkl into it.","","","Concept"
"allowed_origins","Allowed (permissible) origins","crystallography","Origin shifts o with (W − I)o ∈ L for all W, which leave the operator set unchanged; they form a group T' ⊇ L whose discrete part is the set of alternative origins.","alternative origins;permissible origins;Cheshire origins","","Concept"
"floating_origin","Floating origin (polar direction)","crystallography","A continuous origin freedom along the common +1 eigenspace of all rotation parts (kernel of the stacked W − I); zero invariant factors of the Smith form.","polar axis","","Concept"
"euclidean_normalizer","Euclidean normalizer (Cheshire group)","crystallography","The normalizer of a space group in the Euclidean group; its translation part is exactly the group of allowed origin shifts.","","ITA Vol. A Chapter 3.5 (Euclidean and affine normalizers)","Concept"
"normalizer","Normalizer of a subgroup","mathematics","N_G(H) = {g : gHg⁻¹ = H}; the largest subgroup in which H is normal.","","","Concept"
"structure_seminvariant","Structure seminvariant","crystallography","A reflection (or linear combination) whose phase is unchanged by every allowed origin shift: h·o ∈ Z for all o ∈ T'; the dual lattice of the allowed-origin group, reported as congruences (vector, modulus).","","SgInfo (Grosse-Kunstleve) TabTrial_si;Giacovazzo, Direct Phasing in Crystallography","Concept"
"direct_methods","Direct methods (context)","crystallography","Phase determination from structure-factor statistics; seminvariants and origin definition are its group-theoretical foundation.","","","Concept"
"patterson_function","Patterson function / vectors","crystallography","The autocorrelation of the electron density; peaks at interatomic vectors u = x_i − x_j.","","","Concept"
"harker_section","Harker sections and lines","crystallography","Loci of self-Patterson vectors u = (I − W)x − w; each left-null vector n of (I − W) gives a constraint n·u ≡ −n·w (mod 1) defining a plane, line or point.","","","Concept"
"asymmetric_unit","Asymmetric unit (fundamental domain)","crystallography","A region containing exactly one representative of each orbit; agentsg provides the conventional brick and a metric Dirichlet/Voronoi domain.","","","Concept"
"dirichlet_domain","Dirichlet / Voronoi domain of an orbit","crystallography","The set of points closer to a seed than to any of its orbit mates, bounded by bisecting half-spaces; a metric asymmetric unit whose shape depends on the origin gauge.","Wigner–Seitz cell","","Concept"
"voronoi_cell","Voronoi cell","mathematics","The region of points nearer to one site of a point set than to any other.","","","Concept"
"half_space","Half-space / convex polytope","mathematics","A region n·x ≤ c; intersections of half-spaces define the Dirichlet ASU facets.","","","Concept"
"monte_carlo","Monte-Carlo estimation","algorithm","Random sampling used to estimate ASU volume fraction, inertia eigenvalues and sphericity.","","","Concept"
"inertia_tensor","Second-moment (inertia) tensor and sphericity","mathematics","The 3×3 second-moment matrix of a region; the ratio λ_min/λ_max of its eigenvalues scores how spherical a domain is.","","","Concept"
"isoperimetric_quotient","Isoperimetric quotient","mathematics","36πV²/A³, equal to 1 only for a ball; agentsg estimates a proxy for ASU compactness.","","","Concept"
"subgroup","Subgroup","mathematics","A subset closed under the group operation; maximal subgroups of a space group are derived from the operator list.","","","Concept"
"t_subgroup","Translationengleiche (t) subgroup","crystallography","A subgroup with the same translation lattice and a smaller point group (type I).","","","Concept"
"k_subgroup","Klassengleiche (k) subgroup","crystallography","A subgroup with the same point group and fewer translations (type II): dropping centring (IIa) or an enlarged cell / invariant sublattice (IIb).","","","Concept"
"index_of_subgroup","Index of a subgroup / coset","mathematics","The number of cosets of H in G; index-2 subgroups are kernels of homomorphisms G → C₂ found by nullspaces over GF(2).","","","Concept"
"coset","Coset decomposition","mathematics","Partition of a group into translates gH of a subgroup; reindexing operators and twin laws are coset representatives of the Laue group in the lattice symmetry group.","","","Concept"
"finite_field_gf2","Linear algebra over GF(2)","mathematics","Nullspaces of 0/1 matrices modulo 2, used to enumerate homomorphisms onto C₂ (index-2 subgroups).","","","Concept"
"group_homomorphism","Group homomorphism and kernel","mathematics","A structure-preserving map between groups; its kernel is a normal subgroup (index-2 subgroups = kernels of maps to C₂).","","","Concept"
"group_theory","Group theory (finite and crystallographic groups)","mathematics","The algebra of symmetry: closure, subgroups, cosets, normalizers, actions; the foundation of every derived object in agentsg.","","","Concept"
"permutation_group_s4","Symmetric group S₄ (superbase relabellings)","mathematics","The 24 permutations of the four superbase labels, extended by −I to order 48; realised as integer unimodular changes of basis.","","","Concept"
"unit_cell","Unit cell","crystallography","The parallelepiped (a, b, c, α, β, γ) spanned by a lattice basis; agentsg treats it numerically via its metric tensor.","","","Concept"
"metric_tensor","Metric tensor (Gram matrix)","mathematics","G_ij = a_i·a_j; squared lengths are xᵀGx, volume² = det G, and a basis change acts by G' = PᵀGP.","","","Concept"
"gram_matrix","Gram matrix","mathematics","The matrix of inner products of a set of vectors; symmetric positive definite for a basis.","","","Concept"
"reciprocal_metric","Reciprocal metric tensor and reciprocal cell","crystallography","G* = G⁻¹; gives d-spacings via 1/d² = hᵀG*h and the reciprocal cell parameters.","","","Concept"
"d_spacing","Interplanar spacing d(hkl) and Bragg angle","crystallography","d = 1/|h a* + k b* + l c*|; 2θ from Bragg's law λ = 2d sin θ.","","","Concept"
"braggs_law","Bragg's law","crystallography","nλ = 2d sin θ, relating diffraction angle to interplanar spacing.","","","Concept"
"orthogonalization","Orthogonalization / fractionalization matrix","crystallography","The matrix M with Cartesian = M·fractional (a along x, b in xy) and its inverse.","","","Concept"
"cell_volume","Unit-cell volume","crystallography","V = abc√(1 − cos²α − cos²β − cos²γ + 2cosα cosβ cosγ) = √det G.","","","Concept"
"metric_invariance","Metric invariance WᵀGW = G","crystallography","A point-group operation leaves the metric tensor invariant; this single identity yields the crystal-system restrictions, metric symmetrisation and the free-parameter count.","","","Concept"
"neumanns_principle","Neumann's principle (context)","crystallography","Physical properties (here the metric) are invariant under the point group of the crystal.","","","Concept"
"reynolds_operator","Reynolds operator (group averaging)","mathematics","Projection onto the invariant subspace by averaging over the group: G_sym = (1/|G|) Σ WᵀGW; used to symmetrise metrics and to score two-folds.","","","Concept"
"projection_operator","Projection onto a subspace","mathematics","An idempotent linear map onto a subspace; metric symmetrisation projects onto the point-group-invariant metrics.","","","Concept"
"primitive_cell","Primitive cell / conventional-to-primitive transformation","crystallography","A cell containing one lattice point; ITA Table 5.1.3.1 matrices with det P = 1/m take the conventional centred cell to it (G_P = PᵀGP), validated against the centring vectors.","","","Concept"
"primitive_basis","Primitive basis of a (centred) lattice","mathematics","A Z-basis of L = Z³ + ⟨centring⟩ obtained by row Hermite normal form; used to write allowed origins in integral coordinates.","","","Concept"
"conventional_cell","Conventional cell","crystallography","The standard (possibly centred) cell of ITA whose axes follow the symmetry; identification returns the ITA type in this cell even for primitive inputs.","","","Concept"
"reduced_cell","Reduced cell","crystallography","A unique canonical cell of a lattice (Niggli or Delaunay/Selling reduced) that removes the infinite basis ambiguity.","","","Concept"
"niggli_reduction","Niggli reduction (Křivý–Gruber, Grosse-Kunstleve stabilised)","algorithm","Iterative reduction of the metric scalars (A, B, C, ξ, η, ζ) with tolerance-aware comparisons, tracking the integer change of basis M with MᵀGM = G_reduced.","","Grosse-Kunstleve, Sauter & Adams (2004). Acta Cryst. A60, 1-6;Křivý & Gruber (1976). Acta Cryst. A32, 297","Concept"
"delaunay_selling_reduction","Delaunay / Selling reduction to an obtuse superbase","algorithm","Reduce a lattice basis to four zero-sum vectors with all pairwise scalar products ≤ 0 by repeated Selling flips; the reduced superbase is unique up to a finite closure.","","Delaunay (1933);Selling (1874);Conway & Sloane, Low-dimensional lattices VI","Concept"
"obtuse_superbase","Obtuse superbase","mathematics","Four vectors v0..v3 summing to zero with all v_i·v_j ≤ 0; its conorms p_ij = −v_i·v_j (six) and vonorms (seven) are lattice invariants.","superbase;conorms;vonorms","","Concept"
"voronoi_type","Voronoi (Delaunay) type of a lattice V1–V5","crystallography","The five combinatorial types of three-dimensional Voronoi cells, classified from the zero conorms of the obtuse superbase; higher types have several non-isometric superbase classes.","","Kurlin, V. (2022/2026) arXiv:2201.10543, Lemmas 4.1-4.5","Concept"
"selling_closure","Selling-superbase closure","crystallography","The complete finite set of obtuse superbases of one lattice (S₄×{±I} orbit at V1, plus extra classes at V2–V5); enumerated for exact reindexing and identity certification. Zero conorms use a relative floor of 1e-9, widened by three angle-sigma widths (default 0.05 degrees), and a relative boundary width of 1e-3.","","Zwart, agentsg manuscript: 'The Selling closure for lattice comparison'","Concept"
"kurlin_root_form","Kurlin root products / root form (isometry invariant)","mathematics","Six root products r_ij = √p_ij of the obtuse superbase; Kurlin's ordered 2×3 root form is a complete isometry invariant, agentsg's globally sorted 6-tuple is a continuous (but not complete) Euclidean search key.","","Kurlin, V. Mathematics of 2-dimensional and 3-dimensional lattices, arXiv:2201.10543","Concept"
"rearrangement_inequality","Rearrangement inequality","mathematics","For sorted vectors ‖sort(x) − sort(y)‖ ≤ min_σ ‖x − σy‖; makes the sorted root key a conservative lower bound on the orbit distance.","","","Concept"
"similarity_invariant","Similarity (scale-free) invariant","mathematics","The sorted root key divided by V^{1/3}, invariant under isotropic scaling; separates shape from volume in lattice comparison.","","","Concept"
"lattice_space","Space of lattices / lattice manifold","mathematics","Treating lattices as points of a continuous space (G6, S6, root form) so that comparison, symmetry deficiency and nearest-neighbour search become geometric.","","Andrews & Bernstein (1988, 2014);Kurlin (2022)","Concept"
"g6_s6_embedding","G6 / S6 lattice embeddings (Andrews–Bernstein)","mathematics","G6 = (a·a, b·b, c·c, 2b·c, 2a·c, 2a·b) (Niggli) and S6 = the six Selling scalars; boundary-aware distances minimise over reduction-boundary transforms.","","Andrews & Bernstein (1988). Acta Cryst. A44, 1009;Andrews & Bernstein (2014). J. Appl. Cryst. 47, 346","Concept"
"symmetry_deficiency","Symmetry deficiency (distance to a holohedry)","crystallography","A continuous measure of how far a lattice is from a given point-group subspace: distance from the cell to its Reynolds-symmetrised cell.","","","Concept"
"pseudosymmetry","Pseudo-symmetry / metric pseudo-symmetry","crystallography","Approximate symmetry of the lattice metric beyond the crystal's true symmetry, quantified by Le Page delta and tolerance.","","","Concept"
"lattice_symmetry_determination","Metric lattice symmetry (Le Page / Lebedev)","algorithm","Find the holohedry of a measured cell: test the 81 Lebedev two-folds (integer {−1,0,1} matrices) by the Le Page angle between direct and reciprocal axes, then close the accepted set. The default cutoff is 3 degrees and the length gate is 2 percent.","","Le Page (1982). J. Appl. Cryst. 15, 255;Lebedev, Vagin & Murshudov (2006). Acta Cryst. D62, 83;Zwart, Grosse-Kunstleve & Adams (2006)","Concept"
"cell_comparison","Cell comparison by sublattice search (lego / target)","algorithm","Niggli-reduce two cells, take the integer volume ratio r, enumerate index-r sublattices of the smaller cell in Hermite normal form, and accept those whose reduced metric matches the larger cell.","","Zwart, Grosse-Kunstleve & Adams (2006), sec. 2.4 / 3.2","Concept"
"sublattice","Sublattice / superlattice and index","mathematics","A subgroup of finite index in a lattice; index-d sublattices of Z³ are enumerated as integer matrices of determinant d in Hermite normal form (count Σ_{adf=n} a²d).","","Billiet & Rolley-Le Coz (1980);Rutherford (2006);OEIS A001001","Concept"
"saturated_sublattice","Saturated sublattice (V ∩ Z³)","mathematics","The integer points of a rational subspace; obtained by unimodular column reduction (integer kernel) so the basis is primitive.","","","Concept"
"dual_lattice","Dual lattice","mathematics","L* = {h : h·t ∈ Z for all t ∈ L}; for augmented lattices the dual is computed from one Smith normal form as invariant factors, index, basis and congruences.","","","Concept"
"dual_basis","Dual basis","mathematics","The basis a*, b*, c* with a_i·a*_j = δ_ij; Miller indices are coordinates in it.","","","Concept"
"reindexing","Reindexing operators (coset P·H)","crystallography","Integer operators relating two settings of the same lattice; never unique — the full answer is the coset P·H of the lattice symmetry group H = {M : MᵀG_AM = G_A}.","","","Concept"
"indexing_ambiguity","Indexing ambiguity (serial crystallography)","crystallography","When the lattice holohedry exceeds the Laue group, frames can be indexed in |M_lattice|/|L_Laue| inequivalent ways; the operators are left-coset representatives, resolved by intensity correlation.","","Brehm & Diederichs (2014). Acta Cryst. D70, 101;dials.cosym","Concept"
"twinning_merohedry","Twinning by (pseudo-)merohedry and twin laws","crystallography","When the lattice symmetry H is larger than the crystal's Laue group L, the cosets of L in H are the twin domains and their representatives the twin laws.","","","Concept"
"deformation_manifold","Deformation manifold with landmarks (path-consistent reindexing)","algorithm","Under continuous lattice deformation reindexing is path-dependent (monodromy); a scaffold of landmark states with a k-NN graph, shortest paths and a Fiedler coordinate keeps the frame consistent.","","","Concept"
"space_group_identification","Space-group identification from operators","algorithm","Match a closed operator set to one of the 230 types up to origin shift and an integer change of basis (|det P| ≤ 4), solving (W − I)p = Δw exactly and expanding centring cosets.","","","Concept"
"selling_settings","Settings of a space group under the Selling group","crystallography","The 48 (distinct fewer) reindexed descriptions of one group obtained by sweeping the order-48 Selling change-of-basis group.","","","Concept"
"nearest_neighbour_search","Nearest-neighbour search on lattice keys","algorithm","Find lattices closest to a query in root-invariant space: exact k-NN and radius queries.","","","Concept"
"kd_tree","k-d tree","data-structure","Space-partitioning tree for Euclidean nearest-neighbour queries (scipy cKDTree over 6-D root keys).","","","Concept"
"neartree","NearTree (metric-space index)","data-structure","A tree that prunes searches with the triangle inequality only, valid for any metric (needed for boundary-aware G6/S6 distances that are not Euclidean norms).","","Andrews, L. C. (2001). J. Appl. Cryst. 34, 663-668","Concept"
"metric_space","Metric space and the triangle inequality","mathematics","A set with a distance satisfying symmetry and d(x,z) ≤ d(x,y) + d(y,z); the property NearTree pruning relies on.","","","Concept"
"euclidean_distance","Euclidean (L2) distance","mathematics","‖x − y‖₂ on the six sorted root products (Å) or on G6/S6 (Å²).","","","Concept"
"knn_graph","k-nearest-neighbour graph","data-structure","Graph joining each lattice state to its k nearest states by key distance; the scaffold of the deformation manifold.","","","Concept"
"dijkstra","Dijkstra's shortest-path algorithm","algorithm","Shortest weighted paths from a source; routes each state to its nearest landmark.","","","Concept"
"graph_laplacian","Graph Laplacian and Fiedler vector","mathematics","L = D − A; the eigenvector of the second-smallest eigenvalue orders the states along the deformation.","","","Concept"
"farthest_point_sampling","Farthest-point (k-center) sampling","algorithm","Greedy selection of landmarks that maximise the minimum distance to those already chosen.","","","Concept"
"pearson_correlation","Pearson correlation coefficient","mathematics","Normalised covariance of two intensity sets; picks the reindexing branch that best matches a reference.","","","Concept"
"svd_pca","Singular value decomposition / principal components","mathematics","Mean-centred SVD of the n×6 matrix of hit-set root keys gives the PC1–PC2 plane used to display a PDB search.","SVD;PCA","","Concept"
"convex_hull","Convex hull","mathematics","Smallest convex set containing given points; used to outline coordination polyhedra on cubic plates.","","","Concept"
"floating_point_tolerance","Floating-point tolerance / stabilised comparison","algorithm","Relative epsilons replacing exact equality in numeric reductions and symmetry tests, so near-degenerate cells neither cycle nor misclassify.","","","Concept"
"torus_distance","Periodic (torus) distance in fractional coordinates","mathematics","Distance on the unit torus obtained by reducing coordinate differences into (−½, ½]; used for stabilisers and diagram layout.","","","Concept"
"exact_rational_arithmetic","Exact rational arithmetic (no fixed denominator)","mathematics","All symmetry algebra uses Python Fractions so 1/2, 1/3, 1/12, 1/60 combine exactly; the deliberate alternative to cctbx's fixed translation base factor.","","cctbx sgtbx tr_vec base factor 12","Concept"
"determinant","Determinant","mathematics","det of a 3×3 matrix (exact by cofactor expansion, integer by elimination); ±1 for crystallographic rotations, index for sublattice matrices, V² for the metric.","","","Concept"
"matrix_inverse","Matrix inverse (cofactor / adjugate, unimodular integer inverse)","mathematics","Exact inverse via cofactors over Q; for unimodular integer matrices the inverse is integer.","","","Concept"
"gaussian_elimination","Gaussian elimination / reduced row echelon form","algorithm","Row reduction over the rationals with pivot tracking; the workhorse for solving (W − I)x = −w, rank and nullspaces.","rref","","Concept"
"rational_linear_solve","Solving linear and affine systems over Q","algorithm","M x = rhs and (W − I)x = −w (mod 1) solved exactly, returning particular solutions and free directions.","","","Concept"
"kernel_nullspace","Kernel / nullspace (rational and integer)","mathematics","{x : Ax = 0}; over Q from rref, over Z as a saturated basis by unimodular column reduction.","","","Concept"
"left_nullspace","Left nullspace","mathematics","{n : nᵀM = 0}; each left-null vector of (I − W) is a Harker constraint normal.","","","Concept"
"matrix_rank","Matrix rank","mathematics","Number of independent rows/columns, exact over Q or numeric with pivoting; decides plane/line/point loci and free metric parameters.","","","Concept"
"affine_subspace","Affine subspace","mathematics","A translate of a linear subspace; solution sets of (W − I)x = −w and Harker loci are affine flats.","","","Concept"
"affine_transformation","Affine transformation","mathematics","x ↦ Wx + w; the form of every crystallographic symmetry operation and change of basis.","","","Concept"
"eigenvalue_symmetric","Eigenvalues of a symmetric 3×3 matrix","mathematics","Real eigenvalues from the characteristic cubic (closed-form roots) for inertia and Laplacian analyses.","","","Concept"
"eigenvector","Eigenvector","mathematics","A vector mapped to a multiple of itself; the +1 eigenvector of a two-fold is its axis.","","","Concept"
"unimodular_matrix","Unimodular integer matrix / GL(3, Z)","mathematics","Integer matrices with det ±1; lattice-preserving changes of basis; the 480 Lebedev matrices with entries in {−1,0,1} and finite order.","","","Concept"
"hermite_normal_form","Hermite normal form","mathematics","Canonical upper-triangular form of an integer matrix under unimodular row (or column) operations; gives a unique basis per lattice and enumerates sublattices.","","","Concept"
"smith_normal_form","Smith normal form and invariant factors","mathematics","U A V = diag(s₁, s₂, s₃) with U, V unimodular and s_i | s_{i+1}; the invariant factors classify the quotient of a lattice by a sublattice (zero → free, 1 → trivial, s > 1 → cyclic torsion).","","","Concept"
"finitely_generated_abelian_group","Finitely generated abelian groups (torsion and free parts)","mathematics","Every such group is ⊕Z/s_i ⊕ Z^r; the allowed-origin group modulo the lattice is Z^{floating} ⊕ torsion, read off the Smith form.","","","Concept"
"linear_congruence","Linear congruence f·c ≡ 0 (mod m)","mathematics","Integer conditions on index coefficients; the form in which reflection conditions (k+l = 4n), semi-invariants and Harker constraints are stated.","","","Concept"
"modular_arithmetic","Modular arithmetic (mod 1 and mod m)","mathematics","Translations reduced modulo the lattice (mod 1) and integer congruences modulo m.","","","Concept"
"gcd_lcm","Greatest common divisor / least common multiple","mathematics","Used to clear denominators, remove content from integer vectors and choose moduli.","","","Concept"
"matrix_order","Order of a matrix / group element","mathematics","Smallest n with Wⁿ = I; 1, 2, 3, 4 or 6 for crystallographic rotations.","","","Concept"
"ita_graphical_symbols","ITA graphical symbols for symmetry elements","crystallography","The International Tables glyphs for axes and planes: polygon or lens for the rotation order, hooks for the screw index, and a styled line for a plane, drawn from the classified operations.","","","Concept"
"ita_height_label","ITA height and fraction labels","crystallography","Printed heights of general-position images (a fraction of the projected coordinate, or a spelled-out coordinate for an inclined axis) and the single-glyph fractions used on the plate.","","","Concept"
"coordination_polyhedron","Coordination polyhedron on a cubic plate","crystallography","On a cubic plate the general-position images are joined into orthogonal polyhedra over the closed cell, one circle at each corner, instead of a flat height-labelled orbit.","","","Concept"
"projection_convention","ITA projection convention","crystallography","The projected cell outline and which axis is down the page: unique axis for a monoclinic group, otherwise c, taken from the operations rather than a stored plate.","unique axis;monoclinic unique axis","","Concept"
"glide_a","a-glide","crystallography","A glide whose intrinsic translation is half the a edge. _glide_symbol returns the letter a for that reduced translation.","","","Concept"
"glide_b","b-glide","crystallography","A glide whose intrinsic translation is half the b edge. _glide_symbol returns the letter b for that reduced translation.","","","Concept"
"glide_c","c-glide","crystallography","A glide whose intrinsic translation is half the c edge. _glide_symbol returns the letter c for that reduced translation.","","","Concept"
"glide_n","n-glide","crystallography","A diagonal glide of half a face or body diagonal on a coordinate plane. _glide_symbol returns n for that case, and g for the hexagonal and some tetragonal diagonals it does not call n.","","","Concept"
"glide_d","d-glide","crystallography","A diamond glide: a quarter of a face or body diagonal. _glide_symbol returns d when four times the intrinsic translation is integral and two times is not.","","","Concept"
"glide_e","e-glide","crystallography","The double glide IUCr denotes e, used in the 2016 short symbols of five space groups. _glide_symbol never returns e; those and other leftover diagonal glides come back as g, and the Hermann-Mauguin lookup keeps the pre-2016 names.","","","Concept"
"screw_21","2₁ screw axis","crystallography","A twofold rotation plus half the axis period. _screw_index returns 1 when the intrinsic translation is half the period; the Hall parser reads a screw digit t as translation t/N.","","","Concept"
"screw_31","3₁ screw axis","crystallography","A threefold rotation plus one third of the axis period. The screw index is 1.","","","Concept"
"screw_32","3₂ screw axis","crystallography","A threefold rotation plus two thirds of the axis period, the opposite hand of 3₁. The screw index is 2. Intensities are not used to choose between them.","","","Concept"
"screw_41","4₁ screw axis","crystallography","A fourfold rotation plus one quarter of the axis period. The screw index is 1.","","","Concept"
"screw_42","4₂ screw axis","crystallography","A fourfold rotation plus half the axis period. The screw index is 2.","","","Concept"
"screw_43","4₃ screw axis","crystallography","A fourfold rotation plus three quarters of the axis period, the opposite hand of 4₁. The screw index is 3. Intensities are not used to choose between them.","","","Concept"
"screw_6","Hexagonal screws 6₁–6₅","crystallography","Sixfold screws with index 1 through 5: intrinsic translation k/6 of the axis period. _screw_index returns that k; 6₁ and 6₅, and 6₂ and 6₄, are opposite hands.","","","Concept"
"chiral_space_group","Chiral space group (Sohncke group)","crystallography","A space group with no inversion, mirror, glide, or rotoinversion, so it is not identical to its mirror image. Enantiomorphic pairs such as P4₁ and P4₃ are drawn with a comma on the opposite hand. The plate records handedness; intensities are not used to choose which member of a pair.","Sohncke groups;chirality;enantiomorphic pair","","Concept"
"symmorphic_space_group","Symmorphic space group","crystallography","A space group that has an origin at which every operation's intrinsic translation vanishes, so the group is a semidirect product of a point group and the translation lattice. agentsg sees a zero intrinsic part on an operation; it does not emit a symmorphic flag.","","","Concept"
"nonsymmorphic_space_group","Non-symmorphic space group","crystallography","A space group whose operations include a screw or a glide that cannot all be cleared by an origin shift. agentsg classifies a nonzero intrinsic part; it does not label the group non-symmorphic.","","","Concept"
"geometric_crystal_class","Geometric crystal class","crystallography","A conjugacy class of crystallographic point groups in O(3). agentsg derives the point group as the set of rotation parts W; it does not tabulate the 32 geometric classes by name.","crystal class","","Concept"
"arithmetic_crystal_class","Arithmetic crystal class","crystallography","A conjugacy class of finite subgroups of GL(3,Z): the point group as integer matrices on a lattice basis. The rotation parts agentsg stores are those integer matrices. No arithmetic-class number is tabulated.","","","Concept"
"bravais_class","Bravais class","crystallography","An arithmetic crystal class together with the centring type of the lattice: the classification of which the 14 Bravais lattices are the symmorphic members. agentsg distinguishes holohedry and centring letter; it does not emit a Bravais-class symbol.","","","Concept"
"wilson_statistics","Wilson statistics (centric and acentric intensities)","crystallography","The expected distributions of diffracted intensity for centric and acentric reflections, and the epsilon enhancement where the stabilizer of h is larger than 1. agentsg reports the centric phase restriction and the epsilon factor. It does not fit a Wilson plot.","","","Concept"
"tolerance_gated_matching","Tolerance-gated cell matching","algorithm","Two cells match when edges and angles stay inside a named tolerance: metric automorphisms, twin laws, and geometric reindexing use 2 percent and 2 degrees; cell comparison uses 3 percent and 5 degrees; a PDB change of basis uses 0.75 percent and 0.5 degrees, and is accepted at a relative metric residual of 1e-6. This is a numeric gate. It is not the exact certificate given by equality over the Selling closure.","","","Concept"
"site_symmetry_stratum","Site-symmetry stratum (direct-space fixed set)","crystallography","The locus of points in the unit cell with a given site-symmetry stabilizer: the intersection of the fixed-point loci of those operations. This is the direct-space counterpart of a reflection stratum. The two are analogous stratifications by stabilizer, not a lattice dual of each other.","","","Concept"
"twinning_pseudomerohedry","Twinning by pseudomerohedry","crystallography","Twin laws from a lattice holohedry that only approximately contains the crystal Laue group, so the obliquity is small but not zero. twin_laws and the ambiguity cosets enumerate these operators when the cell is within the length and angle tolerances. The obliquity itself is not reported.","","","Concept"
"twinning_reticular_merohedry","Twinning by reticular merohedry","crystallography","Twinning in which only a sublattice is restored by the twin operation. Dictionary context. twin_laws enumerates cosets of the Laue group in the lattice holohedry; it does not build a twin lattice or a twin index.","","","Concept"
"twin_index","Twin index","crystallography","The index of the twin lattice in the crystal lattice. Dictionary context. The code does not compute it.","","","Concept"
"twin_obliquity","Twin obliquity","crystallography","The angle by which a twin operation fails to be an exact symmetry of the lattice. Dictionary context. Tolerances gate which operators are returned; the angle is not reported.","","","Concept"
"twin_lattice","Twin lattice","crystallography","The sublattice restored by every twin operation of a twin. Dictionary context. The code returns twin-law matrices, not that sublattice.","","","Concept"
"crystfel_stream","CrystFEL stream","crystallography","A CrystFEL .stream file: one indexed unit cell, and optionally the reciprocal-lattice orientation, for each crystal in a serial experiment. Cells are converted from nanometres to angstroms.","","","Concept"
"indexed_cell_distribution","Indexed cell distribution","crystallography","The set of per-crystal unit cells written by the indexer, before merging averages them. parse_stream yields one cell dict per indexed crystal.","","","Concept"
"reference_orbit","Reference orbit of Selling superbases","crystallography","One Selling reduction of a deposited cell, the deposited-to-reduced change of basis, and the labeled closure of obtuse superbases used to match a neighbour.","","","Concept"
"pdb_lattice_search","PDB lattice search pipeline","algorithm","The same path for a query and for each stored PDB cell: conventional cell, primitive cell from the centring letter, Selling reduction, Kurlin root form, then a KD-tree radius query on the six root components.","","Kurlin, V. Mathematics of 2-dimensional and 3-dimensional lattices, arXiv:2201.10543","Concept"
"k_subgroup_iia","Klassengleiche subgroup of type IIa","crystallography","A klassengleiche subgroup on the same conventional cell: the point group stays, and a point-group-invariant proper subset of the centring translations is dropped. Primitive groups have no IIa edge. This is derived from the operators, not from an ITA A1 maximality table.","IIa;type IIa","","Concept"
"k_subgroup_iib","Klassengleiche subgroup of type IIb","crystallography","A klassengleiche subgroup of a primitive group from an invariant index-2 or index-3 sublattice of Z³. The point group is kept and the cell is enlarged. Infinite isomorphic series beyond those two indices are not enumerated.","IIb;type IIb","","Concept"
"numeric_gate","Named numeric gate","algorithm","The angle, length, conorm, and residual cutoffs for Le Page symmetry, cell comparison, reindexing, and a PDB change of basis. Each number is a named constant in tolerances.py. Le Page uses 3 degrees and 2 percent. Metric automorphisms use 2 percent and 2 degrees. Cell comparison uses 3 percent and 5 degrees. A PDB match uses 0.75 percent and 0.5 degrees, with zero conorms inside 0.05 degrees and a relative boundary of 0.001.","angle tolerance;length tolerance;angle sigma;boundary_rel;numeric tolerance","","Concept"
"conorm_noise_floor","Closure-invariant conorm noise floor","algorithm","One floor s = c · σ_θ · T applied to every Selling conorm, where T is the sum of the six conorms. Selling flips permute the conorms and leave T fixed, so the floor is the same on every member of the closure. It is not a separate floor on each pair.","noise floor;conorm floor","Kurlin, V. Mathematics of 2-dimensional and 3-dimensional lattices, arXiv:2201.10543","Concept"
